order_id,product_id,customer_id,order_date,shipping_date,quantity,unit_price,discount_pct,sales_amount,shipping_method,payment_method,order_status,delivery_date,customer_segment,customer_region
2683771,79641,610529,2025-06-30,2025-07-03,1,5363.01,15.0,4558.56,Standard,COD,Delivered,2025-07-09,Consumer,South
2407554,79641,754177,2026-04-29,2026-05-01,1,5363.01,15.0,4558.56,Economy,Net Banking,Delivered,2026-05-05,Consumer,East
7604036,56188,592041,2026-02-09,2026-02-17,1,3443.64,0.0,3443.64,Standard,UPI,Processing,,Consumer,West
1699667,79641,993014,2025-12-29,2025-12-30,2,5363.01,10.0,9653.42,Express,Debit Card,Delivered,2025-12-31,Small Business,South
1142236,74568,108922,2025-06-22,2025-06-26,1,1900.16,0.0,1900.16,Standard,Credit Card,Returned,2025-06-30,Corporate,Central
2756506,28129,964228,2026-01-02,2026-01-06,1,6269.52,0.0,6269.52,Economy,Debit Card,Processing,,Consumer,West
3228929,79641,330334,2026-06-01,2026-06-04,1,5363.01,0.0,5363.01,Standard,Net Banking,Delivered,2026-06-05,Consumer,West
5061792,28129,974569,2025-03-06,2025-03-09,1,6269.52,15.0,5329.09,Standard,Net Banking,Delivered,2025-03-10,Consumer,North
5793270,18030,823670,2025-07-17,2025-07-19,2,2921.51,15.0,4966.57,Standard,Debit Card,Shipped,,Corporate,North
5066785,79641,226303,2025-05-28,2025-06-02,1,5363.01,20.0,4290.41,Express,UPI,Shipped,,Consumer,Central
1703397,56188,699277,2025-08-22,2025-08-24,3,3443.64,25.0,7748.19,Economy,Credit Card,Delivered,2025-08-31,Small Business,Central
3001222,56188,914856,2026-01-26,2026-01-28,3,3443.64,20.0,8264.74,Economy,Debit Card,Returned,2026-02-04,Consumer,North
3694533,28129,488868,2025-10-02,2025-10-05,3,6269.52,0.0,18808.56,Standard,COD,Cancelled,,Consumer,West
6729869,79641,116164,2025-11-10,2025-11-17,2,5363.01,20.0,8580.82,Express,UPI,Delivered,2025-11-24,Consumer,South
7946031,78497,539708,2025-07-11,2025-07-17,2,725.77,15.0,1233.81,Standard,Debit Card,Shipped,,Consumer,East
4168239,79641,806283,2025-04-04,2025-04-12,2,5363.01,20.0,8580.82,Express,UPI,Delivered,2025-04-16,Consumer,South
9729910,28129,122589,2025-06-15,2025-06-20,1,6269.52,0.0,6269.52,Express,Debit Card,Shipped,,Small Business,Central
9542849,50534,992112,2026-04-11,2026-04-16,1,1113.02,0.0,1113.02,Standard,Net Banking,Processing,,Consumer,North
2451071,18474,368880,2025-11-22,2025-11-26,2,1417.87,20.0,2268.59,Express,COD,Delivered,2025-11-28,Small Business,West
6376081,18030,944733,2025-08-14,2025-08-21,1,2921.51,0.0,2921.51,Economy,UPI,Delivered,2025-08-25,Consumer,South
2350327,28129,256838,2026-03-01,2026-03-05,1,6269.52,5.0,5956.04,Standard,UPI,Delivered,2026-03-11,Consumer,North
5448395,21529,998146,2025-02-15,2025-02-18,3,919.39,5.0,2620.26,Standard,Debit Card,Cancelled,,Consumer,West
4271174,21529,105859,2025-06-08,2025-06-13,1,919.39,0.0,919.39,Standard,UPI,Delivered,2025-06-15,Consumer,South
4114414,28129,772034,2025-05-25,2025-05-29,1,6269.52,0.0,6269.52,Standard,Debit Card,Processing,,Consumer,North
5849311,78497,902639,2026-06-22,2026-06-24,2,725.77,25.0,1088.66,Standard,Credit Card,Delivered,2026-06-26,Corporate,West
5853512,79641,366863,2025-12-31,2026-01-03,1,5363.01,20.0,4290.41,Express,Wallet,Delivered,2026-01-09,Consumer,South
4530262,74568,693372,2025-11-27,2025-11-30,3,1900.16,20.0,4560.38,Standard,UPI,Cancelled,,Consumer,North
6763621,85575,262608,2025-01-04,2025-01-10,1,3516.68,5.0,3340.85,Same Day,UPI,Delivered,2025-01-11,Corporate,East
1190399,79641,942315,2025-04-30,2025-05-03,3,5363.01,0.0,16089.03,Economy,Credit Card,Delivered,2025-05-10,Consumer,South
1165937,79641,218631,2025-12-04,2025-12-10,2,5363.01,5.0,10189.72,Economy,Wallet,Delivered,2025-12-15,Corporate,Central
4688776,56188,992112,2025-08-15,2025-08-18,1,3443.64,5.0,3271.46,Express,Credit Card,Delivered,2025-08-20,Consumer,Central
9576762,87260,371909,2026-05-19,2026-05-24,1,3209.12,0.0,3209.12,Standard,UPI,Delivered,2026-05-25,Small Business,South
2525130,85575,975770,2026-02-11,2026-02-13,1,3516.68,15.0,2989.18,Standard,Wallet,Delivered,2026-02-14,Small Business,West
8570571,56188,957476,2025-09-19,2025-09-27,1,3443.64,25.0,2582.73,Standard,UPI,Delivered,2025-09-29,Corporate,East
7695561,18474,992112,2026-01-31,2026-02-04,1,1417.87,10.0,1276.08,Economy,COD,Delivered,2026-02-11,Consumer,West
5968981,79641,206966,2026-06-16,2026-06-19,5,5363.01,5.0,25474.3,Economy,Credit Card,Delivered,2026-06-21,Small Business,East
1155723,97797,697204,2025-09-26,2025-09-29,1,1675.71,5.0,1591.92,Standard,Net Banking,Delivered,2025-10-01,Consumer,North
8384015,28129,743830,2025-12-07,2025-12-10,3,6269.52,0.0,18808.56,Standard,COD,Delivered,2025-12-16,Consumer,South
8515472,79641,513963,2026-05-15,2026-05-18,1,5363.01,5.0,5094.86,Express,UPI,Returned,2026-05-25,Consumer,South
7944501,18030,974569,2025-06-05,2025-06-10,5,2921.51,10.0,13146.8,Standard,UPI,Delivered,2025-06-12,Consumer,South
2572024,97797,972317,2026-04-28,2026-05-06,1,1675.71,5.0,1591.92,Economy,Debit Card,Delivered,2026-05-11,Small Business,Central
9448743,97797,477196,2025-03-09,2025-03-14,1,1675.71,10.0,1508.14,Standard,Net Banking,Delivered,2025-03-18,Small Business,West
4481140,79641,566913,2025-12-09,2025-12-13,1,5363.01,15.0,4558.56,Standard,COD,Cancelled,,Small Business,Central
9076207,74568,823918,2026-02-24,2026-02-27,1,1900.16,0.0,1900.16,Standard,Net Banking,Shipped,,Consumer,West
2262905,48964,610529,2025-11-26,2025-12-02,2,770.14,0.0,1540.28,Standard,COD,Processing,,Consumer,North
7379630,79641,877837,2025-10-11,2025-10-17,1,5363.01,0.0,5363.01,Standard,UPI,Cancelled,,Consumer,Central
5925402,74568,695423,2025-11-27,2025-11-30,1,1900.16,0.0,1900.16,Economy,UPI,Delivered,2025-12-06,Consumer,South
2526421,74568,209641,2025-04-10,2025-04-18,1,1900.16,10.0,1710.14,Standard,Debit Card,Returned,2025-04-25,Consumer,West
9134962,85575,799603,2025-05-17,2025-05-20,2,3516.68,15.0,5978.36,Express,Net Banking,Delivered,2025-05-21,Consumer,East
9296616,78497,427245,2025-06-17,2025-06-23,1,725.77,20.0,580.62,Standard,COD,Processing,,Consumer,East
1160746,85575,236367,2025-11-20,2025-11-30,1,3516.68,10.0,3165.01,Standard,UPI,Processing,,Small Business,South
7685864,79641,522537,2025-09-16,2025-09-21,1,5363.01,5.0,5094.86,Standard,Credit Card,Cancelled,,Consumer,South
7889335,74568,378914,2025-06-02,2025-06-04,1,1900.16,0.0,1900.16,Standard,UPI,Delivered,2025-06-11,Consumer,East
6743411,56188,433775,2026-04-25,2026-04-29,1,3443.64,5.0,3271.46,Standard,Net Banking,Shipped,,Corporate,West
5848564,78497,773930,2025-08-12,2025-08-14,3,725.77,5.0,2068.44,Standard,COD,Delivered,2025-08-21,Consumer,North
3971664,21529,312773,2025-09-18,2025-09-24,1,919.39,20.0,735.51,Economy,Credit Card,Delivered,2025-10-01,Consumer,South
3566094,21529,860977,2025-08-31,2025-09-03,2,919.39,10.0,1654.9,Express,Credit Card,Delivered,2025-09-08,Small Business,West
8274317,18030,750976,2025-04-28,2025-05-03,1,2921.51,0.0,2921.51,Economy,UPI,Delivered,2025-05-08,Consumer,East
5707485,79641,799603,2026-01-19,2026-01-26,1,5363.01,5.0,5094.86,Standard,Credit Card,Delivered,2026-01-30,Consumer,South
1278018,28129,366863,2025-09-19,2025-09-21,1,6269.52,0.0,6269.52,Express,COD,Delivered,2025-09-24,Consumer,Central
6684189,85575,430456,2025-01-12,2025-01-15,1,3516.68,20.0,2813.34,Express,UPI,Delivered,2025-01-19,Consumer,South
4134285,28129,932301,2026-06-10,2026-06-15,1,6269.52,0.0,6269.52,Standard,UPI,Delivered,2026-06-22,Corporate,South
5017497,56188,430456,2026-03-16,2026-03-19,1,3443.64,0.0,3443.64,Standard,Credit Card,Delivered,2026-03-20,Consumer,South
9750626,97797,550630,2026-01-13,2026-01-15,1,1675.71,0.0,1675.71,Express,UPI,Delivered,2026-01-17,Consumer,South
6596497,18030,371909,2026-04-17,2026-04-18,5,2921.51,15.0,12416.42,Economy,COD,Shipped,,Small Business,East
9322290,56188,709849,2026-05-09,2026-05-12,1,3443.64,10.0,3099.28,Standard,UPI,Delivered,2026-05-15,Consumer,North
5747764,85575,637227,2025-07-23,2025-07-28,1,3516.68,10.0,3165.01,Standard,Credit Card,Shipped,,Consumer,East
1584506,48964,513963,2025-11-25,2025-11-29,1,770.14,5.0,731.63,Economy,Debit Card,Delivered,2025-12-02,Consumer,South
2180265,78497,940868,2025-11-24,2025-11-26,1,725.77,0.0,725.77,Standard,COD,Delivered,2025-12-01,Consumer,West
4034169,56188,352435,2025-06-15,2025-06-18,2,3443.64,20.0,5509.82,Economy,COD,Delivered,2025-06-19,Consumer,West
6129654,28129,209641,2025-05-21,2025-05-24,1,6269.52,0.0,6269.52,Economy,Credit Card,Delivered,2025-05-27,Consumer,East
5016433,85575,384300,2025-03-19,2025-03-22,2,3516.68,0.0,7033.36,Economy,UPI,Delivered,2025-03-27,Consumer,South
9819224,85575,860977,2025-12-13,2025-12-18,1,3516.68,10.0,3165.01,Economy,Credit Card,Delivered,2025-12-22,Small Business,South
1129894,79641,206966,2026-02-23,2026-02-26,1,5363.01,0.0,5363.01,Standard,UPI,Delivered,2026-03-03,Small Business,South
2867195,28129,104775,2026-02-08,2026-02-12,4,6269.52,0.0,25078.08,Express,Credit Card,Delivered,2026-02-17,Consumer,South
6422408,17733,598537,2025-07-12,2025-07-20,1,3137.12,15.0,2666.55,Same Day,Wallet,Delivered,2025-07-23,Consumer,North
1639282,78497,433775,2025-05-12,2025-05-16,2,725.77,10.0,1306.39,Same Day,COD,Delivered,2025-05-19,Corporate,North
2382203,79641,823918,2025-09-22,2025-09-26,1,5363.01,0.0,5363.01,Standard,Credit Card,Shipped,,Consumer,Central
2461187,28129,914856,2025-11-02,2025-11-03,4,6269.52,5.0,23824.18,Standard,UPI,Delivered,2025-11-10,Consumer,West
9904748,74568,233384,2026-05-16,2026-05-18,1,1900.16,15.0,1615.14,Standard,Credit Card,Delivered,2026-05-19,Consumer,South
3212697,79641,218631,2026-04-20,2026-04-22,1,5363.01,0.0,5363.01,Standard,Debit Card,Delivered,2026-04-27,Corporate,West
1890608,17733,128716,2026-05-14,2026-05-19,2,3137.12,0.0,6274.24,Express,Credit Card,Delivered,2026-05-23,Consumer,East
6752808,97797,906386,2026-04-06,2026-04-12,1,1675.71,10.0,1508.14,Economy,Debit Card,Delivered,2026-04-13,Consumer,North
8665453,28129,276775,2026-06-10,2026-06-12,1,6269.52,10.0,5642.57,Same Day,COD,Delivered,2026-06-17,Consumer,South
6113008,78497,116053,2025-09-28,2025-09-30,5,725.77,25.0,2721.64,Express,Credit Card,Delivered,2025-10-01,Consumer,East
9987767,79641,599664,2025-02-03,2025-02-06,1,5363.01,5.0,5094.86,Standard,Wallet,Delivered,2025-02-09,Consumer,South
3382188,74568,610529,2025-03-01,2025-03-05,2,1900.16,0.0,3800.32,Standard,Credit Card,Delivered,2025-03-10,Consumer,West
2651792,21529,307157,2025-08-21,2025-08-25,2,919.39,10.0,1654.9,Standard,UPI,Delivered,2025-08-31,Consumer,South
7529690,78497,771999,2025-06-10,2025-06-15,3,725.77,10.0,1959.58,Standard,UPI,Delivered,2025-06-18,Small Business,West
9366040,87260,901608,2025-04-21,2025-04-28,3,3209.12,0.0,9627.36,Standard,COD,Returned,2025-05-04,Corporate,East
8329603,78497,211372,2026-06-04,2026-06-07,1,725.77,10.0,653.19,Standard,Credit Card,Delivered,2026-06-13,Consumer,North
1765180,97797,368880,2025-05-06,2025-05-11,1,1675.71,0.0,1675.71,Standard,Credit Card,Delivered,2025-05-15,Small Business,North
3133465,18030,695423,2026-06-07,2026-06-11,1,2921.51,15.0,2483.28,Express,Net Banking,Delivered,2026-06-13,Consumer,East
3681311,48964,579772,2026-02-08,2026-02-11,2,770.14,15.0,1309.24,Standard,Net Banking,Shipped,,Small Business,East
3019704,18030,670867,2025-12-06,2025-12-13,3,2921.51,5.0,8326.3,Standard,UPI,Shipped,,Small Business,South
7746936,50534,197699,2025-12-20,2025-12-22,1,1113.02,25.0,834.76,Standard,Credit Card,Shipped,,Consumer,West
8933540,68899,764486,2025-07-20,2025-07-25,1,2456.67,25.0,1842.5,Express,Debit Card,Delivered,2025-07-28,Corporate,South
3162020,56188,974569,2025-12-08,2025-12-13,1,3443.64,0.0,3443.64,Express,Wallet,Delivered,2025-12-19,Consumer,Central
6611879,79641,592041,2025-05-01,2025-05-08,1,5363.01,5.0,5094.86,Standard,UPI,Shipped,,Consumer,Central
9367722,18030,263319,2026-05-26,2026-05-30,3,2921.51,10.0,7888.08,Standard,UPI,Delivered,2026-06-03,Consumer,North
5952853,97797,977488,2025-07-04,2025-07-07,1,1675.71,0.0,1675.71,Economy,Debit Card,Returned,2025-07-14,Consumer,West
4343981,85575,789525,2025-06-08,2025-06-14,2,3516.68,5.0,6681.69,Express,Debit Card,Delivered,2025-06-20,Consumer,West
6147545,21529,566913,2026-01-04,2026-01-10,2,919.39,5.0,1746.84,Express,COD,Delivered,2026-01-17,Small Business,East
6208943,50534,823918,2025-12-12,2025-12-16,4,1113.02,25.0,3339.06,Express,Net Banking,Delivered,2025-12-17,Consumer,West
8857363,87260,993014,2025-09-21,2025-09-26,1,3209.12,5.0,3048.66,Economy,Credit Card,Delivered,2025-09-30,Small Business,North
3297235,74568,653082,2025-12-03,2025-12-06,3,1900.16,15.0,4845.41,Economy,COD,Processing,,Consumer,South
3491361,18030,659588,2025-04-15,2025-04-19,2,2921.51,5.0,5550.87,Standard,UPI,Delivered,2025-04-25,Consumer,West
1212467,18030,940868,2025-12-19,2025-12-26,2,2921.51,0.0,5843.02,Express,Debit Card,Delivered,2025-12-30,Consumer,North
9567246,28129,877837,2025-06-17,2025-06-20,1,6269.52,20.0,5015.62,Standard,Debit Card,Delivered,2025-06-21,Consumer,Central
3946853,79641,353063,2025-06-18,2025-06-22,1,5363.01,0.0,5363.01,Express,Net Banking,Processing,,Consumer,East
8104013,79641,160872,2025-04-16,2025-04-24,2,5363.01,0.0,10726.02,Standard,Debit Card,Delivered,2025-04-29,Consumer,South
6012545,68899,901608,2025-07-21,2025-07-27,1,2456.67,5.0,2333.84,Standard,UPI,Returned,2025-08-01,Corporate,South
7581439,85575,772034,2025-07-20,2025-07-27,1,3516.68,10.0,3165.01,Economy,Net Banking,Processing,,Consumer,Central
8965828,87260,140302,2025-09-22,2025-09-25,1,3209.12,5.0,3048.66,Economy,Credit Card,Delivered,2025-09-26,Consumer,South
6225344,97797,696555,2025-05-03,2025-05-17,1,1675.71,0.0,1675.71,Standard,COD,Processing,,Consumer,South
4423639,87260,249371,2025-05-05,2025-05-07,1,3209.12,5.0,3048.66,Economy,Debit Card,Returned,2025-05-09,Consumer,North
1743772,97797,823670,2025-10-30,2025-11-03,1,1675.71,0.0,1675.71,Standard,UPI,Delivered,2025-11-10,Corporate,West
8170247,68899,185010,2025-03-28,2025-04-01,1,2456.67,0.0,2456.67,Standard,UPI,Delivered,2025-04-03,Consumer,West
3824331,79641,226199,2025-12-25,2025-12-31,3,5363.01,10.0,14480.13,Economy,UPI,Delivered,2026-01-02,Corporate,East
3460605,85575,301050,2026-05-29,2026-06-05,4,3516.68,0.0,14066.72,Standard,UPI,Delivered,2026-06-08,Consumer,North
5206926,68899,944733,2025-09-09,2025-09-14,1,2456.67,5.0,2333.84,Standard,UPI,Delivered,2025-09-15,Consumer,West
4444820,17733,860977,2026-05-06,2026-05-10,1,3137.12,10.0,2823.41,Express,COD,Shipped,,Small Business,West
7658222,68899,799603,2025-03-10,2025-03-13,1,2456.67,15.0,2088.17,Standard,Wallet,Delivered,2025-03-17,Consumer,Central
8045604,79641,316850,2025-01-31,2025-02-04,1,5363.01,5.0,5094.86,Standard,Wallet,Delivered,2025-02-08,Consumer,North
1229921,28129,336188,2026-01-11,2026-01-15,3,6269.52,5.0,17868.13,Standard,Debit Card,Delivered,2026-01-22,Small Business,North
1079380,79641,610529,2026-02-08,2026-02-09,1,5363.01,0.0,5363.01,Express,UPI,Delivered,2026-02-13,Consumer,West
4365081,79641,306674,2026-04-01,2026-04-05,1,5363.01,25.0,4022.26,Standard,UPI,Delivered,2026-04-08,Consumer,Central
6815331,21529,140302,2025-02-10,2025-02-16,1,919.39,0.0,919.39,Standard,Credit Card,Delivered,2025-02-19,Consumer,East
5501729,18030,960030,2026-02-20,2026-02-25,1,2921.51,0.0,2921.51,Express,Net Banking,Delivered,2026-03-03,Consumer,South
4959748,68899,693372,2025-08-13,2025-08-19,3,2456.67,5.0,7001.51,Standard,Debit Card,Delivered,2025-08-23,Consumer,West
8384244,56188,368880,2025-07-05,2025-07-08,2,3443.64,0.0,6887.28,Standard,Debit Card,Delivered,2025-07-10,Small Business,North
7804602,18030,846689,2025-04-23,2025-04-27,1,2921.51,0.0,2921.51,Express,Debit Card,Cancelled,,Small Business,East
4045143,68899,566913,2026-06-28,2026-06-29,1,2456.67,0.0,2456.67,Same Day,Debit Card,Delivered,2026-07-05,Small Business,East
8799002,79641,764486,2025-02-15,2025-02-18,3,5363.01,10.0,14480.13,Standard,Debit Card,Delivered,2025-02-20,Corporate,Central
7867086,74568,195305,2026-03-23,2026-03-27,1,1900.16,10.0,1710.14,Economy,UPI,Delivered,2026-03-31,Consumer,North
9644741,78497,172779,2025-12-05,2025-12-08,3,725.77,10.0,1959.58,Express,UPI,Shipped,,Consumer,South
3211165,56188,361785,2026-01-21,2026-01-22,3,3443.64,15.0,8781.28,Standard,Debit Card,Delivered,2026-01-24,Consumer,South
3015442,79641,557517,2026-01-05,2026-01-10,1,5363.01,5.0,5094.86,Same Day,Credit Card,Delivered,2026-01-11,Consumer,East
7719859,85575,282435,2026-04-10,2026-04-13,3,3516.68,20.0,8440.03,Express,Wallet,Delivered,2026-04-19,Consumer,West
5329652,21529,352435,2025-04-29,2025-05-02,1,919.39,15.0,781.48,Express,Credit Card,Delivered,2025-05-07,Consumer,West
5893392,79641,475309,2025-01-01,2025-01-04,2,5363.01,15.0,9117.12,Express,UPI,Delivered,2025-01-09,Consumer,North
9445976,28129,972314,2025-11-20,2025-11-24,1,6269.52,15.0,5329.09,Same Day,UPI,Delivered,2025-11-27,Consumer,South
2198450,48964,670867,2025-08-01,2025-08-04,1,770.14,5.0,731.63,Economy,UPI,Delivered,2025-08-08,Small Business,East
8334890,21529,211372,2025-03-25,2025-03-29,1,919.39,5.0,873.42,Express,COD,Returned,2025-04-05,Consumer,West
9779587,74568,488868,2025-05-01,2025-05-05,1,1900.16,5.0,1805.15,Economy,UPI,Delivered,2025-05-07,Consumer,South
2871820,56188,998146,2025-07-21,2025-07-22,1,3443.64,0.0,3443.64,Same Day,COD,Cancelled,,Consumer,West
6490188,28129,210470,2025-02-20,2025-02-27,1,6269.52,5.0,5956.04,Economy,Wallet,Delivered,2025-02-28,Small Business,North
4900910,56188,939711,2025-02-10,2025-02-11,2,3443.64,0.0,6887.28,Economy,Credit Card,Delivered,2025-02-12,Small Business,North
9008327,74568,218990,2026-05-14,2026-05-17,1,1900.16,0.0,1900.16,Standard,Debit Card,Delivered,2026-05-24,Consumer,South
1923474,78497,998146,2025-07-10,2025-07-12,1,725.77,20.0,580.62,Standard,Debit Card,Delivered,2025-07-13,Consumer,South
4969170,28129,550630,2026-06-20,2026-06-24,5,6269.52,10.0,28212.84,Express,Debit Card,Delivered,2026-06-29,Consumer,West
5214717,74568,160872,2026-06-10,2026-06-13,4,1900.16,10.0,6840.58,Standard,UPI,Processing,,Consumer,North
9273593,48964,622972,2025-04-05,2025-04-12,1,770.14,5.0,731.63,Express,Credit Card,Delivered,2025-04-18,Corporate,Central
7067732,74568,964228,2026-01-07,2026-01-10,1,1900.16,10.0,1710.14,Economy,Credit Card,Delivered,2026-01-14,Consumer,East
3262754,79641,385379,2025-11-21,2025-11-25,2,5363.01,20.0,8580.82,Economy,Debit Card,Delivered,2025-11-30,Small Business,West
7414415,28129,351349,2025-12-25,2025-12-28,2,6269.52,10.0,11285.14,Standard,UPI,Delivered,2026-01-04,Consumer,North
9860174,18030,105859,2025-03-09,2025-03-10,1,2921.51,10.0,2629.36,Express,UPI,Delivered,2025-03-16,Consumer,West
9857061,68899,351349,2025-05-02,2025-05-05,2,2456.67,10.0,4422.01,Standard,COD,Delivered,2025-05-11,Consumer,West
2406000,18474,490297,2025-02-24,2025-02-28,1,1417.87,5.0,1346.98,Express,Credit Card,Delivered,2025-03-02,Consumer,West
6663934,74568,549338,2025-11-22,2025-11-25,1,1900.16,10.0,1710.14,Standard,Debit Card,Delivered,2025-11-27,Small Business,West
9725053,97797,248125,2026-06-23,2026-07-03,2,1675.71,25.0,2513.56,Express,COD,Delivered,2026-07-07,Small Business,West
8465877,79641,119900,2025-12-18,2025-12-23,2,5363.01,5.0,10189.72,Express,UPI,Delivered,2025-12-28,Consumer,East
6639547,78497,262608,2026-01-04,2026-01-18,3,725.77,5.0,2068.44,Same Day,UPI,Delivered,2026-01-23,Corporate,West
6677909,18474,747872,2026-06-22,2026-06-25,1,1417.87,5.0,1346.98,Express,UPI,Delivered,2026-07-01,Consumer,North
5911972,21529,568904,2025-12-21,2025-12-27,1,919.39,5.0,873.42,Standard,Credit Card,Cancelled,,Consumer,Central
4032364,78497,773930,2025-01-29,2025-02-02,1,725.77,25.0,544.33,Standard,COD,Returned,2025-02-04,Consumer,South
7833890,28129,226199,2026-04-16,2026-04-20,1,6269.52,15.0,5329.09,Standard,UPI,Delivered,2026-04-22,Corporate,South
8450647,17733,490432,2025-08-07,2025-08-21,1,3137.12,5.0,2980.26,Economy,UPI,Delivered,2025-08-25,Consumer,North
5791534,85575,282435,2025-01-03,2025-01-08,1,3516.68,5.0,3340.85,Economy,UPI,Shipped,,Consumer,West
6530918,79641,112541,2025-10-16,2025-10-23,1,5363.01,5.0,5094.86,Standard,Debit Card,Delivered,2025-10-24,Consumer,South
5252822,28129,133665,2026-05-26,2026-05-31,2,6269.52,0.0,12539.04,Standard,Debit Card,Delivered,2026-06-07,Small Business,South
5689430,79641,670563,2025-06-10,2025-06-12,1,5363.01,10.0,4826.71,Standard,Net Banking,Delivered,2025-06-15,Consumer,East
6751059,74568,992112,2025-10-09,2025-10-14,1,1900.16,15.0,1615.14,Express,UPI,Delivered,2025-10-19,Consumer,East
2153629,79641,116053,2025-04-23,2025-04-27,2,5363.01,10.0,9653.42,Standard,Credit Card,Returned,2025-05-03,Consumer,East
8269464,97797,549338,2025-02-10,2025-02-17,1,1675.71,0.0,1675.71,Standard,Debit Card,Shipped,,Small Business,North
9255927,78497,693372,2025-02-27,2025-03-05,3,725.77,15.0,1850.71,Standard,COD,Returned,2025-03-12,Consumer,South
1646159,28129,856696,2026-01-15,2026-01-17,1,6269.52,15.0,5329.09,Standard,Debit Card,Shipped,,Small Business,East
9125580,97797,233384,2026-04-14,2026-04-16,1,1675.71,5.0,1591.92,Standard,UPI,Delivered,2026-04-23,Consumer,East
4556064,50534,388350,2025-04-05,2025-04-06,3,1113.02,10.0,3005.15,Standard,UPI,Shipped,,Consumer,South
5838680,18030,897573,2025-06-27,2025-07-01,2,2921.51,10.0,5258.72,Express,Wallet,Delivered,2025-07-04,Small Business,Central
4625581,85575,771999,2025-05-06,2025-05-08,2,3516.68,15.0,5978.36,Express,UPI,Delivered,2025-05-10,Small Business,East
8970862,74568,371909,2025-01-19,2025-01-24,2,1900.16,0.0,3800.32,Standard,Wallet,Delivered,2025-01-28,Small Business,South
9469374,48964,599283,2025-11-04,2025-11-08,1,770.14,0.0,770.14,Express,Credit Card,Delivered,2025-11-15,Consumer,West
1005112,74568,488868,2025-12-29,2026-01-04,2,1900.16,10.0,3420.29,Express,COD,Delivered,2026-01-10,Consumer,West
8224608,28129,204369,2025-12-09,2025-12-12,3,6269.52,0.0,18808.56,Economy,COD,Delivered,2025-12-18,Consumer,East
2268659,48964,209641,2025-08-19,2025-08-23,4,770.14,5.0,2926.53,Economy,UPI,Delivered,2025-08-26,Consumer,West
5002099,85575,185010,2025-11-05,2025-11-07,1,3516.68,15.0,2989.18,Standard,UPI,Delivered,2025-11-14,Consumer,South
1943344,18030,388560,2025-03-07,2025-03-14,1,2921.51,0.0,2921.51,Economy,Credit Card,Delivered,2025-03-21,Corporate,North
9885772,78497,306674,2025-04-12,2025-04-14,2,725.77,5.0,1378.96,Express,UPI,Delivered,2025-04-20,Consumer,East
8647308,21529,639392,2026-05-23,2026-05-25,1,919.39,25.0,689.54,Express,Credit Card,Delivered,2026-05-31,Small Business,East
5071900,74568,977488,2026-02-09,2026-02-11,1,1900.16,10.0,1710.14,Standard,Credit Card,Delivered,2026-02-16,Consumer,North
9863493,74568,704903,2026-05-18,2026-05-24,1,1900.16,10.0,1710.14,Standard,COD,Returned,2026-05-25,Consumer,South
2116900,28129,312773,2026-05-14,2026-05-16,1,6269.52,10.0,5642.57,Standard,Debit Card,Delivered,2026-05-18,Consumer,West
9339989,79641,592041,2025-12-09,2025-12-13,1,5363.01,0.0,5363.01,Economy,UPI,Delivered,2025-12-19,Consumer,North
2555102,48964,823918,2026-05-21,2026-05-26,1,770.14,0.0,770.14,Express,Debit Card,Delivered,2026-05-29,Consumer,West
7101319,74568,172779,2025-09-04,2025-09-09,1,1900.16,10.0,1710.14,Standard,Debit Card,Processing,,Consumer,South
8534332,85575,699277,2025-01-03,2025-01-05,1,3516.68,5.0,3340.85,Express,Debit Card,Delivered,2025-01-12,Small Business,Central
3436883,68899,384068,2025-02-14,2025-02-15,3,2456.67,5.0,7001.51,Standard,Debit Card,Delivered,2025-02-19,Consumer,South
5698881,68899,843515,2025-03-16,2025-03-19,1,2456.67,0.0,2456.67,Standard,UPI,Delivered,2025-03-26,Consumer,North
7295203,97797,943040,2025-03-08,2025-03-10,1,1675.71,15.0,1424.35,Express,COD,Shipped,,Consumer,North
2939358,97797,998146,2025-07-31,2025-08-05,1,1675.71,0.0,1675.71,Express,UPI,Cancelled,,Consumer,East
8490743,18474,862279,2025-12-30,2026-01-02,1,1417.87,15.0,1205.19,Economy,COD,Delivered,2026-01-05,Consumer,South
2898263,21529,384300,2026-03-02,2026-03-05,4,919.39,5.0,3493.68,Express,UPI,Delivered,2026-03-08,Consumer,South
1413661,68899,379266,2025-11-17,2025-11-19,3,2456.67,10.0,6633.01,Express,UPI,Delivered,2025-11-23,Small Business,West
2854620,48964,112541,2025-04-07,2025-04-11,1,770.14,0.0,770.14,Economy,Credit Card,Delivered,2025-04-14,Consumer,North
8654482,68899,757146,2026-01-30,2026-02-01,1,2456.67,0.0,2456.67,Standard,Credit Card,Shipped,,Consumer,West
7393781,74568,639392,2025-08-01,2025-08-06,1,1900.16,10.0,1710.14,Express,Wallet,Returned,2025-08-09,Small Business,South
5538077,85575,932301,2025-01-10,2025-01-11,1,3516.68,10.0,3165.01,Express,UPI,Returned,2025-01-15,Corporate,North
7241578,79641,952866,2025-06-23,2025-07-03,1,5363.01,0.0,5363.01,Standard,UPI,Shipped,,Consumer,West
4685592,21529,549338,2025-07-20,2025-07-25,1,919.39,5.0,873.42,Standard,Wallet,Delivered,2025-07-29,Small Business,South
1289330,50534,357793,2025-06-19,2025-06-21,1,1113.02,5.0,1057.37,Standard,Debit Card,Returned,2025-06-22,Consumer,West
2177892,85575,352435,2026-03-14,2026-03-15,1,3516.68,0.0,3516.68,Standard,Net Banking,Delivered,2026-03-16,Consumer,West
2396025,97797,639392,2026-02-08,2026-02-11,1,1675.71,10.0,1508.14,Express,Debit Card,Delivered,2026-02-15,Small Business,West
8262782,79641,133665,2025-12-27,2025-12-29,1,5363.01,0.0,5363.01,Standard,COD,Delivered,2026-01-03,Small Business,West
6492763,50534,218990,2025-04-03,2025-04-05,1,1113.02,10.0,1001.72,Express,Debit Card,Delivered,2025-04-12,Consumer,Central
2592972,79641,860977,2026-03-12,2026-03-19,1,5363.01,0.0,5363.01,Standard,Credit Card,Processing,,Small Business,Central
2457361,79641,361785,2025-12-20,2025-12-24,1,5363.01,10.0,4826.71,Standard,UPI,Returned,2025-12-28,Consumer,North
3144892,74568,336188,2025-05-06,2025-05-08,1,1900.16,5.0,1805.15,Standard,Credit Card,Shipped,,Small Business,North
3647086,79641,960030,2025-12-09,2025-12-13,1,5363.01,5.0,5094.86,Standard,COD,Shipped,,Consumer,East
8433702,97797,992112,2025-10-06,2025-10-09,1,1675.71,5.0,1591.92,Economy,UPI,Delivered,2025-10-13,Consumer,East
7135131,85575,697204,2025-09-15,2025-09-25,2,3516.68,20.0,5626.69,Standard,Credit Card,Delivered,2025-09-28,Consumer,South
7657863,28129,998146,2025-03-18,2025-03-19,3,6269.52,10.0,16927.7,Standard,Credit Card,Shipped,,Consumer,West
8944571,79641,263319,2025-10-21,2025-10-26,1,5363.01,15.0,4558.56,Standard,COD,Delivered,2025-10-27,Consumer,North
6477200,79641,522537,2025-03-11,2025-03-17,1,5363.01,0.0,5363.01,Standard,UPI,Cancelled,,Consumer,Central
3318371,28129,236367,2025-04-18,2025-04-19,2,6269.52,5.0,11912.09,Express,COD,Delivered,2025-04-21,Small Business,West
1339722,79641,998146,2025-03-30,2025-04-01,2,5363.01,0.0,10726.02,Economy,Credit Card,Delivered,2025-04-04,Consumer,South
5670396,21529,699277,2026-06-04,2026-06-07,1,919.39,5.0,873.42,Standard,COD,Delivered,2026-06-08,Small Business,South
5849325,74568,378914,2025-06-25,2025-07-02,1,1900.16,10.0,1710.14,Express,UPI,Delivered,2025-07-03,Consumer,South
2269174,74568,557517,2025-08-02,2025-08-06,1,1900.16,15.0,1615.14,Express,UPI,Shipped,,Consumer,North
2976201,28129,697204,2025-07-15,2025-07-20,1,6269.52,10.0,5642.57,Economy,Debit Card,Returned,2025-07-23,Consumer,South
5265105,97797,897573,2026-05-04,2026-05-10,1,1675.71,10.0,1508.14,Express,Credit Card,Delivered,2026-05-12,Small Business,Central
5933322,79641,539708,2025-11-07,2025-11-13,1,5363.01,0.0,5363.01,Standard,COD,Delivered,2025-11-15,Consumer,East
2510643,79641,441953,2026-05-16,2026-05-20,1,5363.01,0.0,5363.01,Express,COD,Delivered,2026-05-23,Small Business,West
7415713,56188,762879,2025-07-04,2025-07-08,1,3443.64,15.0,2927.09,Economy,Debit Card,Delivered,2025-07-11,Consumer,East
1099147,79641,336188,2025-03-19,2025-03-24,1,5363.01,0.0,5363.01,Standard,COD,Delivered,2025-03-25,Small Business,East
7013250,85575,229497,2025-11-05,2025-11-08,2,3516.68,0.0,7033.36,Economy,Credit Card,Delivered,2025-11-09,Consumer,South
7637363,85575,637227,2025-07-28,2025-08-03,1,3516.68,20.0,2813.34,Economy,Credit Card,Delivered,2025-08-10,Consumer,South
2813710,28129,227114,2026-03-08,2026-03-09,1,6269.52,25.0,4702.14,Standard,Credit Card,Delivered,2026-03-14,Corporate,East
4985572,97797,211372,2026-04-23,2026-04-25,1,1675.71,10.0,1508.14,Economy,Debit Card,Delivered,2026-04-26,Consumer,South
6221884,68899,204369,2025-10-01,2025-10-07,3,2456.67,5.0,7001.51,Express,Credit Card,Processing,,Consumer,West
4710194,56188,276775,2026-06-14,2026-06-17,1,3443.64,15.0,2927.09,Express,Debit Card,Delivered,2026-06-20,Consumer,South
1643714,74568,579772,2025-11-04,2025-11-06,1,1900.16,0.0,1900.16,Express,Credit Card,Delivered,2025-11-13,Small Business,West
5985700,28129,301050,2025-06-17,2025-06-19,1,6269.52,5.0,5956.04,Economy,Net Banking,Shipped,,Consumer,North
4289131,74568,378914,2025-10-08,2025-10-12,2,1900.16,5.0,3610.3,Express,Wallet,Shipped,,Consumer,West
2563663,97797,116053,2025-01-27,2025-02-02,2,1675.71,20.0,2681.14,Express,UPI,Processing,,Consumer,North
2215662,21529,513963,2026-03-10,2026-03-11,3,919.39,20.0,2206.54,Standard,Credit Card,Delivered,2026-03-15,Consumer,South
7554889,74568,384300,2025-03-12,2025-03-13,2,1900.16,10.0,3420.29,Standard,Net Banking,Delivered,2025-03-17,Consumer,East
7492737,28129,906386,2025-07-08,2025-07-12,1,6269.52,0.0,6269.52,Economy,Debit Card,Cancelled,,Consumer,South
8707308,17733,972317,2025-11-08,2025-11-16,1,3137.12,10.0,2823.41,Express,Net Banking,Delivered,2025-11-22,Small Business,Central
4736361,79641,195305,2025-01-31,2025-02-03,1,5363.01,0.0,5363.01,Standard,UPI,Delivered,2025-02-06,Consumer,Central
8067704,97797,709849,2025-02-26,2025-03-06,2,1675.71,20.0,2681.14,Economy,Debit Card,Returned,2025-03-10,Consumer,West
1725240,21529,469154,2025-12-28,2026-01-04,2,919.39,0.0,1838.78,Economy,Credit Card,Delivered,2026-01-06,Consumer,North
2431108,79641,555666,2025-02-21,2025-02-24,1,5363.01,0.0,5363.01,Express,Wallet,Shipped,,Consumer,West
3175283,79641,276775,2025-10-03,2025-10-09,3,5363.01,15.0,13675.68,Standard,COD,Processing,,Consumer,East
8219106,79641,592041,2025-07-24,2025-07-29,1,5363.01,5.0,5094.86,Express,UPI,Delivered,2025-08-04,Consumer,North
7050990,17733,823918,2025-05-24,2025-05-28,1,3137.12,15.0,2666.55,Standard,COD,Shipped,,Consumer,West
3093586,79641,175945,2025-05-02,2025-05-05,1,5363.01,0.0,5363.01,Standard,COD,Delivered,2025-05-10,Small Business,West
9659457,74568,940868,2026-02-10,2026-02-16,3,1900.16,15.0,4845.41,Express,Credit Card,Processing,,Consumer,South
2107915,79641,960030,2026-06-03,2026-06-09,3,5363.01,0.0,16089.03,Economy,Net Banking,Cancelled,,Consumer,East
4730811,79641,860977,2025-04-03,2025-04-08,1,5363.01,0.0,5363.01,Standard,Debit Card,Processing,,Small Business,East
9291288,78497,218990,2026-06-08,2026-06-22,4,725.77,10.0,2612.77,Economy,UPI,Delivered,2026-06-23,Consumer,West
2192814,74568,762879,2025-11-19,2025-11-23,3,1900.16,0.0,5700.48,Economy,Credit Card,Shipped,,Consumer,West
3606154,85575,762879,2025-12-06,2025-12-12,3,3516.68,10.0,9495.04,Standard,COD,Cancelled,,Consumer,South
2696654,78497,960030,2026-01-03,2026-01-10,3,725.77,0.0,2177.31,Standard,Net Banking,Delivered,2026-01-13,Consumer,North
6394732,56188,307157,2025-12-31,2026-01-02,1,3443.64,0.0,3443.64,Express,Debit Card,Delivered,2026-01-08,Consumer,West
6233693,79641,579772,2026-03-19,2026-03-20,2,5363.01,15.0,9117.12,Same Day,Debit Card,Delivered,2026-03-25,Small Business,South
6456911,56188,140413,2025-10-06,2025-10-09,2,3443.64,0.0,6887.28,Standard,UPI,Processing,,Consumer,East
6902707,78497,211372,2025-10-27,2025-11-02,2,725.77,10.0,1306.39,Express,Net Banking,Delivered,2025-11-09,Consumer,South
2722858,79641,490432,2025-07-16,2025-07-19,1,5363.01,15.0,4558.56,Express,COD,Delivered,2025-07-20,Consumer,North
3021300,68899,764486,2025-03-14,2025-03-19,2,2456.67,0.0,4913.34,Same Day,Debit Card,Cancelled,,Corporate,South
6796059,56188,218631,2025-12-15,2025-12-16,4,3443.64,15.0,11708.38,Express,UPI,Cancelled,,Corporate,South
1510390,74568,513963,2025-01-24,2025-01-27,1,1900.16,5.0,1805.15,Standard,UPI,Returned,2025-01-29,Consumer,North
9870319,17733,754177,2025-06-20,2025-06-24,5,3137.12,5.0,14901.32,Standard,Debit Card,Delivered,2025-07-01,Consumer,West
7640336,97797,637227,2025-03-07,2025-03-09,1,1675.71,0.0,1675.71,Standard,UPI,Delivered,2025-03-15,Consumer,West
8840991,78497,670563,2025-05-03,2025-05-10,1,725.77,15.0,616.9,Economy,Credit Card,Delivered,2025-05-11,Consumer,Central
5781346,87260,475309,2025-12-05,2025-12-07,1,3209.12,10.0,2888.21,Economy,Credit Card,Delivered,2025-12-08,Consumer,East
3123760,28129,319445,2025-12-01,2025-12-08,2,6269.52,10.0,11285.14,Economy,Debit Card,Processing,,Consumer,North
9531036,68899,550630,2025-09-06,2025-09-08,1,2456.67,25.0,1842.5,Standard,COD,Delivered,2025-09-11,Consumer,West
5460163,28129,843515,2025-03-05,2025-03-19,1,6269.52,5.0,5956.04,Express,Debit Card,Delivered,2025-03-22,Consumer,West
3346215,68899,969595,2025-09-12,2025-09-16,2,2456.67,20.0,3930.67,Standard,Debit Card,Delivered,2025-09-22,Consumer,West
6300511,78497,520640,2025-07-31,2025-08-02,1,725.77,15.0,616.9,Standard,Net Banking,Delivered,2025-08-07,Consumer,Central
6786405,74568,887032,2026-01-11,2026-01-12,1,1900.16,20.0,1520.13,Standard,COD,Processing,,Corporate,East
5243192,97797,579772,2025-11-13,2025-11-14,3,1675.71,20.0,4021.7,Economy,UPI,Shipped,,Small Business,South
2274750,28129,433775,2025-10-09,2025-10-13,2,6269.52,25.0,9404.28,Standard,Credit Card,Delivered,2025-10-19,Corporate,Central
5217696,79641,108922,2025-10-08,2025-10-14,2,5363.01,0.0,10726.02,Express,UPI,Delivered,2025-10-21,Corporate,West
2506229,79641,197699,2026-06-11,2026-06-14,2,5363.01,15.0,9117.12,Economy,UPI,Delivered,2026-06-17,Consumer,South
9188189,28129,789525,2026-02-05,2026-02-08,5,6269.52,15.0,26645.46,Express,UPI,Delivered,2026-02-09,Consumer,West
8945958,79641,181824,2025-10-12,2025-10-16,1,5363.01,10.0,4826.71,Standard,Debit Card,Cancelled,,Consumer,West
4869268,79641,659588,2025-10-04,2025-10-08,1,5363.01,5.0,5094.86,Economy,Credit Card,Delivered,2025-10-11,Consumer,Central
5213738,18030,887032,2025-01-19,2025-01-24,1,2921.51,25.0,2191.13,Express,Debit Card,Delivered,2025-01-28,Corporate,East
4079695,21529,490297,2026-05-29,2026-06-02,1,919.39,0.0,919.39,Standard,Net Banking,Shipped,,Consumer,West
2043088,18030,522537,2025-07-14,2025-07-19,2,2921.51,10.0,5258.72,Express,Debit Card,Delivered,2025-07-20,Consumer,West
9880417,28129,475309,2025-06-09,2025-06-23,2,6269.52,10.0,11285.14,Economy,Credit Card,Delivered,2025-06-26,Consumer,North
4148021,48964,175945,2026-06-30,2026-07-03,1,770.14,0.0,770.14,Standard,UPI,Delivered,2026-07-06,Small Business,West
8855457,78497,181824,2026-01-09,2026-01-10,1,725.77,15.0,616.9,Express,Net Banking,Delivered,2026-01-14,Consumer,South
3726404,79641,856696,2025-02-03,2025-02-05,2,5363.01,0.0,10726.02,Standard,Credit Card,Delivered,2025-02-06,Small Business,North
1996409,79641,902639,2025-02-13,2025-02-17,5,5363.01,10.0,24133.54,Standard,UPI,Processing,,Corporate,West
2768231,21529,477196,2025-01-18,2025-01-21,1,919.39,15.0,781.48,Economy,UPI,Cancelled,,Small Business,West
7213098,79641,599664,2025-11-21,2025-11-29,1,5363.01,5.0,5094.86,Standard,Debit Card,Delivered,2025-12-02,Consumer,West
8658388,85575,791659,2025-02-20,2025-02-24,1,3516.68,15.0,2989.18,Standard,COD,Delivered,2025-03-03,Consumer,Central
7236308,18474,122589,2026-05-24,2026-05-28,1,1417.87,0.0,1417.87,Standard,COD,Delivered,2026-06-03,Small Business,South
7402567,79641,932301,2026-05-26,2026-06-01,1,5363.01,15.0,4558.56,Standard,Debit Card,Delivered,2026-06-02,Corporate,North
6577239,79641,966752,2025-11-01,2025-11-04,1,5363.01,25.0,4022.26,Standard,Credit Card,Delivered,2025-11-06,Consumer,West
3422102,18474,695423,2025-11-27,2025-12-03,2,1417.87,0.0,2835.74,Express,Debit Card,Delivered,2025-12-04,Consumer,North
4923815,78497,772034,2025-06-29,2025-06-30,1,725.77,10.0,653.19,Standard,Credit Card,Delivered,2025-07-04,Consumer,West
4615238,79641,992112,2025-02-15,2025-02-19,1,5363.01,10.0,4826.71,Standard,UPI,Cancelled,,Consumer,West
7496079,48964,181824,2026-01-22,2026-01-30,1,770.14,10.0,693.13,Economy,COD,Processing,,Consumer,North
9025849,48964,902639,2025-03-12,2025-03-18,3,770.14,15.0,1963.86,Economy,Wallet,Delivered,2025-03-22,Corporate,North
5737522,85575,940868,2025-03-02,2025-03-08,1,3516.68,10.0,3165.01,Standard,Debit Card,Shipped,,Consumer,West
4169853,78497,843319,2025-07-10,2025-07-13,1,725.77,10.0,653.19,Standard,UPI,Delivered,2025-07-14,Consumer,South
3702394,74568,639392,2025-01-09,2025-01-15,1,1900.16,0.0,1900.16,Standard,Credit Card,Shipped,,Small Business,Central
4668486,79641,902639,2025-09-12,2025-09-16,2,5363.01,5.0,10189.72,Standard,UPI,Delivered,2025-09-22,Corporate,West
9868322,78497,366863,2026-01-02,2026-01-06,3,725.77,20.0,1741.85,Standard,Credit Card,Delivered,2026-01-13,Consumer,West
3605330,74568,181824,2026-03-08,2026-03-09,1,1900.16,0.0,1900.16,Economy,COD,Delivered,2026-03-15,Consumer,South
6588192,21529,773657,2025-11-22,2025-11-24,1,919.39,10.0,827.45,Same Day,Wallet,Delivered,2025-12-01,Consumer,West
9521683,56188,436252,2026-04-04,2026-04-08,1,3443.64,0.0,3443.64,Standard,Credit Card,Delivered,2026-04-12,Small Business,North
2668242,79641,887032,2025-08-29,2025-08-30,2,5363.01,15.0,9117.12,Economy,UPI,Delivered,2025-09-05,Corporate,North
9776430,78497,671259,2026-04-05,2026-04-10,3,725.77,10.0,1959.58,Standard,UPI,Delivered,2026-04-17,Corporate,South
9626127,74568,140413,2025-10-16,2025-10-22,1,1900.16,5.0,1805.15,Standard,Wallet,Delivered,2025-10-29,Consumer,North
1317530,48964,181824,2025-05-21,2025-05-29,1,770.14,0.0,770.14,Standard,UPI,Delivered,2025-05-31,Consumer,South
6778158,74568,119446,2026-05-29,2026-05-31,2,1900.16,5.0,3610.3,Standard,Credit Card,Delivered,2026-06-02,Small Business,North
5480936,78497,862279,2025-06-20,2025-06-28,2,725.77,25.0,1088.66,Economy,UPI,Delivered,2025-07-01,Consumer,West
7548156,85575,823918,2025-01-19,2025-01-20,1,3516.68,10.0,3165.01,Standard,Credit Card,Delivered,2025-01-24,Consumer,South
2834687,28129,897573,2025-06-01,2025-06-05,1,6269.52,10.0,5642.57,Express,UPI,Delivered,2025-06-12,Small Business,North
8736000,21529,622972,2025-08-08,2025-08-14,1,919.39,15.0,781.48,Standard,Credit Card,Delivered,2025-08-17,Corporate,South
4556807,18030,211372,2025-07-31,2025-08-01,2,2921.51,5.0,5550.87,Economy,UPI,Processing,,Consumer,West
3394086,85575,772034,2025-10-23,2025-10-24,2,3516.68,5.0,6681.69,Express,Wallet,Delivered,2025-10-31,Consumer,South
6569829,18030,116053,2026-04-25,2026-04-26,2,2921.51,5.0,5550.87,Express,Credit Card,Delivered,2026-05-03,Consumer,North
6338018,87260,119446,2025-06-30,2025-07-04,3,3209.12,0.0,9627.36,Standard,Debit Card,Delivered,2025-07-06,Small Business,West
6381109,97797,401988,2025-10-22,2025-10-28,1,1675.71,15.0,1424.35,Economy,Net Banking,Delivered,2025-10-30,Consumer,North
5945337,85575,636431,2025-07-25,2025-07-27,1,3516.68,20.0,2813.34,Express,Credit Card,Delivered,2025-07-29,Small Business,East
2135517,79641,122589,2026-03-20,2026-03-22,1,5363.01,20.0,4290.41,Standard,UPI,Delivered,2026-03-28,Small Business,North
4412081,68899,902400,2025-04-14,2025-04-18,3,2456.67,20.0,5896.01,Economy,UPI,Processing,,Small Business,West
2410692,85575,330334,2025-03-13,2025-03-15,2,3516.68,5.0,6681.69,Standard,Debit Card,Delivered,2025-03-18,Consumer,East
4887362,97797,119446,2025-10-14,2025-10-19,1,1675.71,5.0,1591.92,Standard,Wallet,Delivered,2025-10-20,Small Business,West
7037986,79641,384068,2025-12-18,2025-12-26,1,5363.01,10.0,4826.71,Express,UPI,Delivered,2025-12-30,Consumer,Central
9324551,48964,112541,2026-03-05,2026-03-10,2,770.14,25.0,1155.21,Standard,UPI,Delivered,2026-03-16,Consumer,North
5098834,28129,195305,2025-11-17,2025-11-24,2,6269.52,15.0,10658.18,Standard,Credit Card,Processing,,Consumer,West
6933238,21529,659588,2026-02-18,2026-02-22,2,919.39,10.0,1654.9,Standard,Credit Card,Delivered,2026-02-24,Consumer,East
6146524,79641,217945,2025-08-22,2025-08-28,1,5363.01,10.0,4826.71,Standard,Credit Card,Delivered,2025-09-02,Consumer,South
3621680,50534,637227,2025-01-23,2025-01-25,3,1113.02,15.0,2838.2,Standard,COD,Shipped,,Consumer,South
3076038,74568,226199,2025-03-20,2025-03-21,2,1900.16,20.0,3040.26,Standard,COD,Delivered,2025-03-26,Corporate,South
2008071,74568,172779,2025-01-28,2025-02-02,2,1900.16,15.0,3230.27,Economy,Wallet,Delivered,2025-02-09,Consumer,North
9642254,56188,636431,2025-07-19,2025-07-20,2,3443.64,5.0,6542.92,Express,Credit Card,Shipped,,Small Business,North
7613680,17733,119900,2025-10-11,2025-10-18,3,3137.12,5.0,8940.79,Express,UPI,Delivered,2025-10-23,Consumer,East
2215246,74568,765050,2025-08-02,2025-08-07,3,1900.16,10.0,5130.43,Standard,Net Banking,Delivered,2025-08-13,Consumer,West
3901825,97797,975770,2025-11-06,2025-11-14,2,1675.71,5.0,3183.85,Express,UPI,Returned,2025-11-16,Small Business,North
8608580,18030,549338,2025-10-05,2025-10-08,1,2921.51,20.0,2337.21,Standard,Credit Card,Delivered,2025-10-10,Small Business,North
4690127,48964,636431,2025-12-21,2025-12-25,1,770.14,10.0,693.13,Standard,COD,Delivered,2025-12-26,Small Business,North
3174071,28129,843515,2025-12-16,2025-12-21,2,6269.52,10.0,11285.14,Express,Credit Card,Delivered,2025-12-24,Consumer,South
6456179,85575,211372,2025-07-13,2025-07-16,2,3516.68,5.0,6681.69,Standard,Credit Card,Delivered,2025-07-17,Consumer,South
9288463,18030,384068,2025-07-28,2025-08-01,1,2921.51,10.0,2629.36,Same Day,COD,Delivered,2025-08-07,Consumer,North
1949987,18030,671259,2025-11-15,2025-11-20,1,2921.51,10.0,2629.36,Economy,UPI,Delivered,2025-11-21,Corporate,West
3276564,68899,116164,2025-11-20,2025-11-30,3,2456.67,0.0,7370.01,Economy,Debit Card,Delivered,2025-12-05,Consumer,West
9368913,85575,197699,2025-07-11,2025-07-16,3,3516.68,20.0,8440.03,Standard,UPI,Shipped,,Consumer,South
6743621,79641,671259,2025-07-20,2025-07-22,4,5363.01,5.0,20379.44,Standard,COD,Delivered,2025-07-29,Corporate,West
8136358,48964,204369,2025-12-27,2025-12-31,1,770.14,5.0,731.63,Standard,Credit Card,Shipped,,Consumer,West
8039161,56188,969595,2025-12-09,2025-12-13,2,3443.64,0.0,6887.28,Economy,Net Banking,Shipped,,Consumer,West
4833679,68899,974569,2025-03-31,2025-04-02,3,2456.67,10.0,6633.01,Economy,Debit Card,Shipped,,Consumer,North
3302270,79641,827309,2025-09-16,2025-09-19,1,5363.01,15.0,4558.56,Economy,Credit Card,Shipped,,Consumer,Central
4177197,74568,877837,2026-05-01,2026-05-04,1,1900.16,20.0,1520.13,Standard,UPI,Processing,,Consumer,South
2686501,18030,105859,2025-01-26,2025-01-28,5,2921.51,0.0,14607.55,Economy,UPI,Delivered,2025-01-29,Consumer,West
8638947,79641,743830,2026-04-09,2026-04-13,1,5363.01,25.0,4022.26,Express,Credit Card,Delivered,2026-04-20,Consumer,East
8462637,87260,794726,2025-04-17,2025-04-19,2,3209.12,15.0,5455.5,Economy,Debit Card,Returned,2025-04-24,Consumer,West
7205274,28129,972314,2025-10-16,2025-10-20,2,6269.52,5.0,11912.09,Express,UPI,Delivered,2025-10-21,Consumer,Central
4441537,18030,227114,2025-09-08,2025-09-10,2,2921.51,0.0,5843.02,Standard,UPI,Delivered,2025-09-15,Corporate,South
7765331,48964,263319,2025-01-08,2025-01-13,1,770.14,5.0,731.63,Standard,Net Banking,Returned,2025-01-16,Consumer,West
4747087,28129,197699,2026-05-14,2026-05-16,2,6269.52,20.0,10031.23,Economy,Wallet,Delivered,2026-05-18,Consumer,South
9648445,28129,382353,2025-09-23,2025-09-30,1,6269.52,5.0,5956.04,Standard,Debit Card,Delivered,2025-10-04,Consumer,South
7740350,78497,116053,2026-06-04,2026-06-05,3,725.77,10.0,1959.58,Standard,UPI,Delivered,2026-06-11,Consumer,East
6655384,78497,263319,2025-06-26,2025-06-30,1,725.77,15.0,616.9,Standard,UPI,Delivered,2025-07-01,Consumer,West
2698363,97797,843319,2026-04-15,2026-04-18,2,1675.71,20.0,2681.14,Standard,UPI,Delivered,2026-04-21,Consumer,East
3989302,78497,105859,2026-05-18,2026-05-20,2,725.77,10.0,1306.39,Economy,Credit Card,Delivered,2026-05-27,Consumer,North
9167788,17733,172779,2025-11-05,2025-11-09,1,3137.12,15.0,2666.55,Standard,Debit Card,Cancelled,,Consumer,East
4052769,97797,112541,2025-05-10,2025-05-16,1,1675.71,0.0,1675.71,Standard,Credit Card,Delivered,2025-05-17,Consumer,East
5640998,74568,906386,2025-12-23,2025-12-30,2,1900.16,20.0,3040.26,Economy,Debit Card,Delivered,2026-01-03,Consumer,West
5665080,28129,977488,2025-11-02,2025-11-05,1,6269.52,5.0,5956.04,Express,COD,Processing,,Consumer,South
2377265,28129,388350,2026-05-30,2026-06-01,1,6269.52,0.0,6269.52,Standard,UPI,Shipped,,Consumer,East
7591270,79641,181824,2025-09-15,2025-09-20,1,5363.01,25.0,4022.26,Standard,UPI,Delivered,2025-09-25,Consumer,South
9700897,79641,233384,2025-06-16,2025-06-20,4,5363.01,0.0,21452.04,Standard,UPI,Delivered,2025-06-21,Consumer,West
2060518,21529,964228,2025-04-02,2025-04-04,1,919.39,0.0,919.39,Standard,UPI,Delivered,2025-04-10,Consumer,West
3128989,28129,119900,2025-12-29,2026-01-03,1,6269.52,10.0,5642.57,Standard,UPI,Processing,,Consumer,West
3117116,50534,370842,2026-06-16,2026-06-20,4,1113.02,5.0,4229.48,Standard,UPI,Delivered,2026-06-25,Consumer,East
8648016,74568,353063,2025-01-20,2025-01-25,1,1900.16,0.0,1900.16,Same Day,Net Banking,Delivered,2025-02-01,Consumer,South
9989149,79641,757146,2026-01-25,2026-01-28,1,5363.01,10.0,4826.71,Economy,Credit Card,Shipped,,Consumer,North
7253657,18030,670867,2026-05-20,2026-05-23,1,2921.51,15.0,2483.28,Economy,UPI,Delivered,2026-05-25,Small Business,Central
4958159,48964,794726,2025-02-23,2025-02-25,1,770.14,15.0,654.62,Standard,UPI,Delivered,2025-02-28,Consumer,West
7600948,74568,670563,2025-03-17,2025-03-22,1,1900.16,0.0,1900.16,Standard,Net Banking,Processing,,Consumer,North
4228834,74568,789525,2025-12-26,2025-12-28,2,1900.16,10.0,3420.29,Economy,COD,Shipped,,Consumer,West
2398541,74568,336188,2025-12-09,2025-12-15,1,1900.16,15.0,1615.14,Same Day,Net Banking,Delivered,2025-12-20,Small Business,West
5252179,85575,388560,2025-02-19,2025-02-25,2,3516.68,0.0,7033.36,Express,UPI,Delivered,2025-03-02,Corporate,West
4013787,97797,806283,2026-03-27,2026-04-01,1,1675.71,0.0,1675.71,Standard,Credit Card,Delivered,2026-04-02,Consumer,South
2650717,74568,119446,2025-10-23,2025-10-24,1,1900.16,0.0,1900.16,Standard,UPI,Delivered,2025-10-28,Small Business,South
7706090,79641,430456,2026-05-09,2026-05-12,1,5363.01,10.0,4826.71,Express,Wallet,Delivered,2026-05-13,Consumer,South
6659800,97797,568904,2026-04-22,2026-04-26,1,1675.71,0.0,1675.71,Express,COD,Shipped,,Consumer,West
9950150,50534,401988,2026-03-15,2026-03-19,2,1113.02,15.0,1892.13,Standard,Wallet,Delivered,2026-03-22,Consumer,West
3881805,21529,699277,2025-10-20,2025-10-27,1,919.39,25.0,689.54,Economy,Credit Card,Delivered,2025-10-29,Small Business,North
6812269,85575,998146,2025-06-06,2025-06-09,1,3516.68,0.0,3516.68,Express,Net Banking,Delivered,2025-06-16,Consumer,West
5045556,79641,969595,2025-10-15,2025-10-22,1,5363.01,10.0,4826.71,Express,COD,Shipped,,Consumer,East
2374210,74568,336188,2025-03-11,2025-03-13,2,1900.16,0.0,3800.32,Standard,UPI,Delivered,2025-03-14,Small Business,Central
1666604,74568,610529,2025-12-13,2025-12-16,1,1900.16,0.0,1900.16,Same Day,UPI,Delivered,2025-12-19,Consumer,North
4629888,18030,172779,2025-03-31,2025-04-01,2,2921.51,15.0,4966.57,Same Day,UPI,Delivered,2025-04-07,Consumer,North
7783915,48964,104775,2025-10-18,2025-10-23,1,770.14,5.0,731.63,Standard,UPI,Delivered,2025-10-24,Consumer,North
6532570,48964,210470,2025-02-08,2025-02-10,1,770.14,20.0,616.11,Express,Debit Card,Returned,2025-02-14,Small Business,North
2569542,87260,940868,2025-07-03,2025-07-06,2,3209.12,10.0,5776.42,Express,Credit Card,Processing,,Consumer,Central
7907984,87260,862279,2025-05-26,2025-06-01,1,3209.12,0.0,3209.12,Economy,Wallet,Delivered,2025-06-08,Consumer,Central
9351685,50534,940868,2025-11-28,2025-12-02,1,1113.02,5.0,1057.37,Standard,COD,Delivered,2025-12-03,Consumer,South
5426128,79641,960030,2026-02-27,2026-02-28,4,5363.01,0.0,21452.04,Economy,Wallet,Shipped,,Consumer,North
7187804,79641,312773,2025-02-10,2025-02-11,1,5363.01,20.0,4290.41,Standard,Debit Card,Delivered,2025-02-15,Consumer,East
3768855,74568,977488,2026-04-06,2026-04-10,1,1900.16,10.0,1710.14,Standard,Credit Card,Returned,2026-04-12,Consumer,West
8444894,85575,361785,2026-04-12,2026-04-15,1,3516.68,5.0,3340.85,Standard,Debit Card,Delivered,2026-04-20,Consumer,South
5334149,79641,957476,2025-07-26,2025-07-28,1,5363.01,10.0,4826.71,Standard,Wallet,Delivered,2025-07-30,Corporate,North
2527349,56188,122589,2025-12-13,2025-12-17,2,3443.64,10.0,6198.55,Standard,UPI,Delivered,2025-12-21,Small Business,North
5055028,78497,750976,2025-08-27,2025-08-29,1,725.77,15.0,616.9,Express,COD,Delivered,2025-08-30,Consumer,South
9907926,85575,902400,2025-04-12,2025-04-16,4,3516.68,0.0,14066.72,Same Day,Debit Card,Delivered,2025-04-21,Small Business,West
8743327,79641,209641,2025-10-25,2025-10-28,2,5363.01,0.0,10726.02,Standard,UPI,Shipped,,Consumer,West
7495421,74568,579772,2025-03-03,2025-03-05,4,1900.16,0.0,7600.64,Economy,Net Banking,Delivered,2025-03-06,Small Business,South
9037293,79641,248125,2026-04-23,2026-04-25,2,5363.01,5.0,10189.72,Standard,Credit Card,Delivered,2026-04-27,Small Business,Central
7101781,56188,799603,2026-05-19,2026-05-21,3,3443.64,10.0,9297.83,Express,COD,Delivered,2026-05-22,Consumer,East
3118434,78497,441953,2026-03-20,2026-03-21,2,725.77,0.0,1451.54,Economy,UPI,Processing,,Small Business,South
2798217,18030,336188,2025-11-07,2025-11-10,1,2921.51,5.0,2775.43,Economy,Credit Card,Delivered,2025-11-15,Small Business,West
5603235,74568,709849,2025-11-05,2025-11-12,1,1900.16,5.0,1805.15,Express,Credit Card,Delivered,2025-11-15,Consumer,East
6963944,28129,877837,2026-06-22,2026-06-28,2,6269.52,0.0,12539.04,Express,COD,Delivered,2026-07-04,Consumer,North
1641198,28129,475309,2025-06-04,2025-06-07,1,6269.52,20.0,5015.62,Standard,UPI,Delivered,2025-06-09,Consumer,South
8221093,18030,366863,2025-02-24,2025-02-28,2,2921.51,10.0,5258.72,Standard,Net Banking,Shipped,,Consumer,South
1412593,68899,974569,2025-11-07,2025-11-11,1,2456.67,5.0,2333.84,Standard,Net Banking,Delivered,2025-11-16,Consumer,West
7340816,74568,998146,2025-07-19,2025-07-25,3,1900.16,10.0,5130.43,Standard,UPI,Delivered,2025-07-30,Consumer,East
1195506,17733,204369,2025-07-15,2025-07-17,1,3137.12,5.0,2980.26,Standard,Net Banking,Shipped,,Consumer,North
5328959,79641,856696,2025-01-06,2025-01-09,4,5363.01,20.0,17161.63,Standard,COD,Delivered,2025-01-14,Small Business,South
2825075,48964,555666,2025-11-19,2025-11-22,1,770.14,10.0,693.13,Economy,Credit Card,Delivered,2025-11-28,Consumer,Central
2262269,79641,969595,2025-06-13,2025-06-14,1,5363.01,10.0,4826.71,Economy,Net Banking,Delivered,2025-06-20,Consumer,North
7790601,74568,974569,2025-05-02,2025-05-05,2,1900.16,20.0,3040.26,Economy,Debit Card,Cancelled,,Consumer,Central
2770858,56188,671259,2025-01-29,2025-02-05,2,3443.64,15.0,5854.19,Express,Debit Card,Shipped,,Corporate,South
1531299,74568,966752,2025-08-07,2025-08-14,2,1900.16,15.0,3230.27,Standard,UPI,Delivered,2025-08-20,Consumer,South
1809968,97797,384068,2026-04-23,2026-04-25,4,1675.71,0.0,6702.84,Standard,Wallet,Shipped,,Consumer,Central
3187999,97797,401988,2025-07-23,2025-07-26,1,1675.71,0.0,1675.71,Express,Credit Card,Delivered,2025-07-31,Consumer,Central
5588432,74568,352435,2025-12-21,2025-12-24,3,1900.16,10.0,5130.43,Express,UPI,Delivered,2025-12-25,Consumer,Central
8159339,21529,846689,2026-02-05,2026-02-09,1,919.39,10.0,827.45,Standard,UPI,Delivered,2026-02-13,Small Business,East
7406851,56188,181824,2025-07-18,2025-07-22,1,3443.64,10.0,3099.28,Standard,Credit Card,Delivered,2025-07-23,Consumer,South
8185821,48964,709849,2026-03-20,2026-03-21,1,770.14,15.0,654.62,Express,Net Banking,Delivered,2026-03-22,Consumer,West
8528787,28129,568904,2025-12-26,2026-01-01,1,6269.52,5.0,5956.04,Standard,COD,Cancelled,,Consumer,South
5426969,85575,773657,2025-11-06,2025-11-16,2,3516.68,5.0,6681.69,Standard,Credit Card,Delivered,2025-11-20,Consumer,Central
4323118,74568,550630,2025-01-01,2025-01-06,2,1900.16,10.0,3420.29,Standard,Credit Card,Shipped,,Consumer,South
8087454,74568,388560,2025-01-25,2025-01-30,1,1900.16,5.0,1805.15,Express,COD,Delivered,2025-02-06,Corporate,North
1210008,79641,133665,2026-06-25,2026-06-29,4,5363.01,10.0,19306.84,Economy,Credit Card,Delivered,2026-07-05,Small Business,Central
9865152,17733,218990,2026-02-24,2026-02-27,1,3137.12,15.0,2666.55,Express,Credit Card,Delivered,2026-03-02,Consumer,Central
4711125,48964,128716,2026-05-26,2026-05-28,1,770.14,10.0,693.13,Same Day,COD,Delivered,2026-05-31,Consumer,Central
7796856,68899,427245,2026-05-06,2026-05-10,2,2456.67,15.0,4176.34,Economy,COD,Delivered,2026-05-15,Consumer,South
5757720,85575,385379,2025-01-15,2025-01-16,1,3516.68,10.0,3165.01,Standard,UPI,Delivered,2025-01-18,Small Business,South
6527666,85575,128716,2026-03-03,2026-03-09,1,3516.68,15.0,2989.18,Express,UPI,Returned,2026-03-16,Consumer,Central
1856654,85575,357793,2025-09-21,2025-09-24,2,3516.68,0.0,7033.36,Express,COD,Processing,,Consumer,West
5880808,85575,847924,2026-03-01,2026-03-04,1,3516.68,15.0,2989.18,Express,UPI,Delivered,2026-03-09,Consumer,West
4057611,97797,185010,2025-01-05,2025-01-08,1,1675.71,15.0,1424.35,Standard,UPI,Delivered,2025-01-10,Consumer,Central
8723773,79641,319445,2025-06-27,2025-07-07,2,5363.01,5.0,10189.72,Economy,Wallet,Delivered,2025-07-12,Consumer,North
1925164,79641,843319,2026-02-01,2026-02-03,1,5363.01,10.0,4826.71,Economy,UPI,Returned,2026-02-09,Consumer,South
7389775,50534,227114,2026-03-03,2026-03-05,2,1113.02,20.0,1780.83,Standard,UPI,Delivered,2026-03-06,Corporate,West
7308278,97797,757146,2025-11-28,2025-11-30,2,1675.71,0.0,3351.42,Standard,Debit Card,Delivered,2025-12-02,Consumer,South
6611657,50534,237942,2025-07-04,2025-07-09,1,1113.02,15.0,946.07,Standard,UPI,Delivered,2025-07-13,Consumer,Central
3485643,79641,388560,2025-07-09,2025-07-23,1,5363.01,25.0,4022.26,Economy,UPI,Delivered,2025-07-26,Corporate,North
5669829,85575,934697,2026-06-11,2026-06-13,1,3516.68,20.0,2813.34,Express,Debit Card,Delivered,2026-06-18,Small Business,South
4592477,74568,140413,2025-09-15,2025-09-22,2,1900.16,5.0,3610.3,Standard,UPI,Delivered,2025-09-25,Consumer,South
7773659,74568,579772,2025-09-19,2025-09-22,1,1900.16,10.0,1710.14,Economy,Wallet,Delivered,2025-09-29,Small Business,East
6719707,79641,934697,2025-11-04,2025-11-09,4,5363.01,25.0,16089.03,Standard,UPI,Delivered,2025-11-12,Small Business,Central
4528176,79641,862279,2025-08-31,2025-09-01,1,5363.01,10.0,4826.71,Standard,Credit Card,Delivered,2025-09-04,Consumer,South
8803770,17733,966752,2025-11-04,2025-11-08,2,3137.12,0.0,6274.24,Standard,Debit Card,Delivered,2025-11-09,Consumer,North
8027022,28129,477196,2025-09-11,2025-09-16,1,6269.52,0.0,6269.52,Express,Credit Card,Returned,2025-09-18,Small Business,West
9936240,78497,433775,2026-03-23,2026-03-27,1,725.77,15.0,616.9,Express,Net Banking,Delivered,2026-03-29,Corporate,South
5338241,97797,256838,2026-05-10,2026-05-12,1,1675.71,5.0,1591.92,Standard,UPI,Shipped,,Consumer,West
9603480,28129,791659,2026-05-23,2026-05-29,2,6269.52,0.0,12539.04,Standard,Debit Card,Delivered,2026-06-01,Consumer,South
7884884,85575,361785,2025-11-08,2025-11-18,5,3516.68,5.0,16704.23,Economy,Wallet,Shipped,,Consumer,South
8019145,74568,116164,2025-09-16,2025-09-19,1,1900.16,15.0,1615.14,Express,Credit Card,Returned,2025-09-22,Consumer,South
9575758,87260,140302,2025-12-31,2026-01-04,1,3209.12,10.0,2888.21,Economy,Credit Card,Delivered,2026-01-08,Consumer,West
2145002,68899,773930,2026-03-30,2026-04-05,1,2456.67,20.0,1965.34,Express,Wallet,Returned,2026-04-11,Consumer,West
8223907,18030,433775,2025-11-07,2025-11-10,1,2921.51,15.0,2483.28,Same Day,UPI,Delivered,2025-11-17,Corporate,West
5040619,97797,175945,2025-12-29,2026-01-05,3,1675.71,25.0,3770.35,Standard,Net Banking,Shipped,,Small Business,North
2079997,79641,952866,2026-01-31,2026-02-03,3,5363.01,20.0,12871.22,Economy,Wallet,Delivered,2026-02-09,Consumer,West
4618145,17733,469154,2025-12-20,2025-12-26,3,3137.12,0.0,9411.36,Standard,COD,Delivered,2025-12-29,Consumer,West
7201457,28129,262608,2026-01-29,2026-01-31,1,6269.52,10.0,5642.57,Standard,Credit Card,Delivered,2026-02-06,Corporate,Central
2355378,79641,116053,2025-05-13,2025-05-16,1,5363.01,0.0,5363.01,Standard,Net Banking,Returned,2025-05-17,Consumer,West
3480567,28129,579772,2025-10-12,2025-10-16,2,6269.52,25.0,9404.28,Standard,Net Banking,Cancelled,,Small Business,East
6925943,68899,977488,2025-11-17,2025-11-21,1,2456.67,5.0,2333.84,Economy,Credit Card,Delivered,2025-11-28,Consumer,North
8089664,78497,743830,2025-01-02,2025-01-08,2,725.77,10.0,1306.39,Economy,COD,Cancelled,,Consumer,North
4812208,18030,122589,2026-04-09,2026-04-23,1,2921.51,15.0,2483.28,Same Day,Debit Card,Processing,,Small Business,South
4320870,68899,427245,2025-11-25,2025-11-27,1,2456.67,0.0,2456.67,Standard,COD,Delivered,2025-11-28,Consumer,West
1984149,74568,249371,2025-03-28,2025-03-31,3,1900.16,15.0,4845.41,Economy,UPI,Delivered,2025-04-07,Consumer,East
8739487,17733,757146,2026-03-17,2026-03-20,1,3137.12,0.0,3137.12,Same Day,UPI,Delivered,2026-03-26,Consumer,East
3728734,97797,488868,2026-01-08,2026-01-12,4,1675.71,5.0,6367.7,Standard,Credit Card,Delivered,2026-01-19,Consumer,South
1416819,78497,599664,2026-02-06,2026-02-10,1,725.77,10.0,653.19,Express,COD,Delivered,2026-02-17,Consumer,North
5033744,79641,301050,2025-08-21,2025-08-27,1,5363.01,5.0,5094.86,Express,UPI,Returned,2025-08-30,Consumer,South
4392965,18474,897573,2026-04-08,2026-04-14,1,1417.87,10.0,1276.08,Standard,Credit Card,Delivered,2026-04-17,Small Business,Central
2388496,74568,754177,2025-09-02,2025-09-03,1,1900.16,20.0,1520.13,Express,Credit Card,Delivered,2025-09-08,Consumer,East
9945922,79641,856696,2025-11-10,2025-11-13,1,5363.01,5.0,5094.86,Same Day,Net Banking,Delivered,2025-11-15,Small Business,West
2145364,97797,319445,2025-01-01,2025-01-05,1,1675.71,10.0,1508.14,Standard,Credit Card,Delivered,2025-01-08,Consumer,East
7724687,79641,522537,2025-12-08,2025-12-12,2,5363.01,20.0,8580.82,Standard,UPI,Delivered,2025-12-13,Consumer,Central
8288839,79641,964228,2026-01-09,2026-01-11,3,5363.01,15.0,13675.68,Express,UPI,Delivered,2026-01-18,Consumer,North
6539733,78497,430456,2025-11-09,2025-11-12,1,725.77,0.0,725.77,Same Day,Debit Card,Delivered,2025-11-14,Consumer,West
8195378,28129,195305,2025-10-12,2025-10-15,1,6269.52,20.0,5015.62,Economy,UPI,Delivered,2025-10-18,Consumer,East
2804915,17733,209641,2026-03-13,2026-03-15,1,3137.12,0.0,3137.12,Economy,Debit Card,Delivered,2026-03-19,Consumer,North
3590506,28129,353063,2025-12-22,2025-12-27,2,6269.52,10.0,11285.14,Express,COD,Shipped,,Consumer,South
9350817,18030,897573,2025-06-21,2025-06-24,2,2921.51,10.0,5258.72,Express,Wallet,Delivered,2025-06-30,Small Business,East
1038748,97797,209641,2026-06-07,2026-06-11,1,1675.71,15.0,1424.35,Express,Debit Card,Delivered,2026-06-18,Consumer,South
7073702,21529,371909,2026-01-01,2026-01-05,1,919.39,0.0,919.39,Express,UPI,Delivered,2026-01-10,Small Business,East
3365763,78497,226199,2026-06-24,2026-07-01,1,725.77,0.0,725.77,Standard,UPI,Delivered,2026-07-07,Corporate,North
3030645,97797,306674,2026-06-14,2026-06-16,1,1675.71,15.0,1424.35,Express,COD,Shipped,,Consumer,West
3556291,50534,379266,2026-05-15,2026-05-17,1,1113.02,0.0,1113.02,Express,Debit Card,Delivered,2026-05-24,Small Business,Central
2905844,28129,823918,2026-02-04,2026-02-07,5,6269.52,10.0,28212.84,Express,UPI,Cancelled,,Consumer,South
2591593,79641,704903,2025-11-24,2025-11-27,1,5363.01,15.0,4558.56,Economy,COD,Processing,,Consumer,South
1780368,21529,378914,2025-04-22,2025-04-25,1,919.39,10.0,827.45,Express,Credit Card,Delivered,2025-04-26,Consumer,South
6857142,56188,932301,2025-10-31,2025-11-05,1,3443.64,0.0,3443.64,Standard,UPI,Delivered,2025-11-07,Corporate,West
9307953,79641,670867,2026-02-12,2026-02-15,2,5363.01,5.0,10189.72,Standard,Credit Card,Delivered,2026-02-21,Small Business,North
2156394,97797,210470,2025-10-22,2025-10-24,1,1675.71,25.0,1256.78,Standard,UPI,Cancelled,,Small Business,South
8629799,48964,847924,2026-04-16,2026-04-19,1,770.14,5.0,731.63,Standard,Debit Card,Delivered,2026-04-25,Consumer,Central
1765413,18030,743830,2025-03-17,2025-03-23,1,2921.51,0.0,2921.51,Standard,COD,Delivered,2025-03-26,Consumer,Central
3412537,18474,430456,2025-08-15,2025-08-21,2,1417.87,0.0,2835.74,Standard,UPI,Delivered,2025-08-22,Consumer,North
5617906,85575,622972,2025-10-15,2025-10-20,1,3516.68,5.0,3340.85,Standard,Credit Card,Delivered,2025-10-24,Corporate,West
2020438,21529,549338,2025-09-11,2025-09-15,3,919.39,25.0,2068.63,Standard,Wallet,Delivered,2025-09-17,Small Business,North
2949507,74568,353063,2025-03-16,2025-03-21,1,1900.16,5.0,1805.15,Economy,Wallet,Delivered,2025-03-24,Consumer,West
2707163,50534,943040,2025-04-11,2025-04-16,1,1113.02,0.0,1113.02,Same Day,UPI,Delivered,2025-04-20,Consumer,East
2905634,28129,966752,2026-03-29,2026-03-31,4,6269.52,10.0,22570.27,Standard,Net Banking,Shipped,,Consumer,South
4555663,18030,789525,2025-10-06,2025-10-10,2,2921.51,0.0,5843.02,Standard,Debit Card,Delivered,2025-10-15,Consumer,Central
9811357,28129,579772,2025-02-04,2025-02-10,1,6269.52,5.0,5956.04,Standard,UPI,Delivered,2025-02-12,Small Business,South
7756967,85575,211372,2025-01-12,2025-01-15,3,3516.68,25.0,7912.53,Standard,Credit Card,Delivered,2025-01-21,Consumer,West
9712736,18030,105859,2025-10-02,2025-10-07,1,2921.51,15.0,2483.28,Standard,Credit Card,Returned,2025-10-12,Consumer,Central
8782791,85575,133665,2025-04-18,2025-04-22,1,3516.68,0.0,3516.68,Standard,COD,Delivered,2025-04-24,Small Business,South
3321034,48964,319445,2025-12-31,2026-01-04,3,770.14,5.0,2194.9,Standard,Net Banking,Cancelled,,Consumer,East
4443801,97797,588449,2026-03-04,2026-03-06,2,1675.71,0.0,3351.42,Economy,Credit Card,Delivered,2026-03-12,Consumer,Central
9952560,78497,384300,2025-05-24,2025-05-29,1,725.77,0.0,725.77,Express,Credit Card,Processing,,Consumer,South
7968187,28129,975770,2025-11-18,2025-11-25,2,6269.52,10.0,11285.14,Economy,COD,Delivered,2025-11-28,Small Business,South
6521098,97797,206966,2025-04-12,2025-04-14,1,1675.71,10.0,1508.14,Standard,Credit Card,Shipped,,Small Business,South
1212995,97797,588449,2025-07-06,2025-07-09,1,1675.71,15.0,1424.35,Standard,Debit Card,Delivered,2025-07-13,Consumer,East
7981502,79641,306674,2026-04-29,2026-04-30,4,5363.01,20.0,17161.63,Economy,Credit Card,Returned,2026-05-02,Consumer,Central
3777905,79641,160872,2025-10-31,2025-11-01,1,5363.01,0.0,5363.01,Standard,Credit Card,Returned,2025-11-04,Consumer,South
3809904,21529,998146,2026-04-27,2026-05-11,2,919.39,20.0,1471.02,Express,Debit Card,Delivered,2026-05-12,Consumer,North
5208656,21529,316850,2025-05-22,2025-05-26,2,919.39,10.0,1654.9,Economy,COD,Delivered,2025-05-28,Consumer,West
6176449,21529,196949,2025-07-19,2025-07-22,1,919.39,0.0,919.39,Express,Debit Card,Delivered,2025-07-28,Consumer,North
7553932,79641,128716,2025-10-01,2025-10-04,1,5363.01,15.0,4558.56,Standard,UPI,Delivered,2025-10-05,Consumer,East
6910048,28129,877837,2025-10-05,2025-10-15,4,6269.52,0.0,25078.08,Express,Net Banking,Delivered,2025-10-19,Consumer,East
5722699,74568,704903,2026-06-29,2026-07-02,2,1900.16,10.0,3420.29,Standard,UPI,Delivered,2026-07-06,Consumer,South
9647933,68899,237942,2025-03-19,2025-03-24,2,2456.67,15.0,4176.34,Standard,Net Banking,Delivered,2025-03-25,Consumer,South
4706282,56188,209641,2026-04-07,2026-04-10,1,3443.64,5.0,3271.46,Standard,UPI,Delivered,2026-04-16,Consumer,West
9493515,74568,352435,2026-04-14,2026-04-15,1,1900.16,20.0,1520.13,Economy,UPI,Cancelled,,Consumer,West
2937180,21529,140302,2025-11-04,2025-11-09,1,919.39,0.0,919.39,Express,UPI,Delivered,2025-11-14,Consumer,South
5275132,79641,330334,2025-07-27,2025-07-28,1,5363.01,15.0,4558.56,Standard,Net Banking,Delivered,2025-08-02,Consumer,East
1795617,74568,384068,2025-10-21,2025-10-26,1,1900.16,0.0,1900.16,Standard,Net Banking,Delivered,2025-10-28,Consumer,South
6773844,79641,704903,2025-06-30,2025-07-03,2,5363.01,0.0,10726.02,Express,Net Banking,Delivered,2025-07-09,Consumer,South
3076593,74568,934697,2026-03-07,2026-03-12,3,1900.16,5.0,5415.46,Economy,Credit Card,Delivered,2026-03-18,Small Business,North
3168120,21529,747872,2025-10-12,2025-10-17,1,919.39,20.0,735.51,Standard,UPI,Delivered,2025-10-21,Consumer,West
2296401,48964,588449,2026-05-19,2026-05-24,1,770.14,0.0,770.14,Standard,Net Banking,Delivered,2026-05-29,Consumer,West
1550291,74568,998146,2025-11-29,2025-11-30,2,1900.16,20.0,3040.26,Economy,Debit Card,Delivered,2025-12-07,Consumer,Central
1943352,85575,932301,2025-10-19,2025-10-24,1,3516.68,0.0,3516.68,Economy,Wallet,Delivered,2025-10-29,Corporate,West
7598066,21529,256838,2026-01-04,2026-01-18,3,919.39,5.0,2620.26,Economy,Debit Card,Delivered,2026-01-20,Consumer,South
4145894,50534,791659,2025-10-15,2025-10-18,1,1113.02,5.0,1057.37,Standard,Debit Card,Delivered,2025-10-21,Consumer,South
1335244,78497,695423,2026-05-08,2026-05-11,1,725.77,0.0,725.77,Standard,Wallet,Delivered,2026-05-13,Consumer,West
9505807,74568,197699,2025-04-30,2025-05-06,1,1900.16,20.0,1520.13,Standard,Debit Card,Delivered,2025-05-09,Consumer,West
4804876,78497,370842,2026-06-15,2026-06-17,4,725.77,5.0,2757.93,Standard,UPI,Delivered,2026-06-24,Consumer,West
5864305,28129,762879,2026-03-14,2026-03-19,1,6269.52,10.0,5642.57,Economy,Debit Card,Delivered,2026-03-21,Consumer,South
8183114,87260,906386,2026-04-12,2026-04-17,2,3209.12,10.0,5776.42,Standard,COD,Delivered,2026-04-24,Consumer,East
2154553,28129,636431,2025-10-06,2025-10-07,1,6269.52,10.0,5642.57,Express,UPI,Shipped,,Small Business,South
3560760,21529,233384,2026-03-29,2026-04-02,1,919.39,10.0,827.45,Economy,UPI,Delivered,2026-04-06,Consumer,South
7731205,79641,490297,2025-07-07,2025-07-11,3,5363.01,20.0,12871.22,Economy,Net Banking,Delivered,2025-07-15,Consumer,South
3857403,28129,794726,2026-02-09,2026-02-12,1,6269.52,10.0,5642.57,Express,UPI,Delivered,2026-02-13,Consumer,Central
3166552,48964,906386,2025-04-03,2025-04-10,1,770.14,10.0,693.13,Economy,COD,Delivered,2025-04-12,Consumer,West
4403783,78497,488868,2025-07-07,2025-07-09,1,725.77,10.0,653.19,Standard,Wallet,Delivered,2025-07-12,Consumer,East
1953455,97797,388560,2025-09-18,2025-09-21,3,1675.71,10.0,4524.42,Standard,Debit Card,Shipped,,Corporate,South
1646626,17733,210470,2025-07-15,2025-07-21,1,3137.12,5.0,2980.26,Standard,COD,Delivered,2025-07-27,Small Business,Central
1600341,56188,185010,2025-08-19,2025-08-21,1,3443.64,10.0,3099.28,Economy,UPI,Delivered,2025-08-25,Consumer,South
1875863,28129,671259,2026-03-19,2026-03-25,5,6269.52,5.0,29780.22,Economy,Credit Card,Delivered,2026-03-31,Corporate,West
5021369,85575,122589,2025-06-09,2025-06-10,2,3516.68,15.0,5978.36,Standard,Debit Card,Delivered,2025-06-17,Small Business,South
3828862,85575,382353,2026-01-28,2026-02-01,3,3516.68,25.0,7912.53,Standard,UPI,Delivered,2026-02-04,Consumer,West
1523201,78497,366863,2025-02-22,2025-02-23,2,725.77,25.0,1088.66,Standard,Credit Card,Delivered,2025-03-01,Consumer,North
1641706,28129,520640,2026-02-12,2026-02-17,2,6269.52,15.0,10658.18,Standard,UPI,Shipped,,Consumer,North
1652268,74568,301050,2026-03-03,2026-03-09,1,1900.16,10.0,1710.14,Economy,Debit Card,Delivered,2026-03-13,Consumer,North
1543834,17733,636431,2025-08-27,2025-09-02,1,3137.12,15.0,2666.55,Standard,UPI,Delivered,2025-09-07,Small Business,West
2579015,17733,757146,2026-01-12,2026-01-22,2,3137.12,0.0,6274.24,Economy,Credit Card,Processing,,Consumer,North
6078929,56188,942315,2026-05-13,2026-05-18,2,3443.64,10.0,6198.55,Express,Wallet,Shipped,,Consumer,South
2981294,87260,119900,2026-03-08,2026-03-13,4,3209.12,0.0,12836.48,Standard,Debit Card,Processing,,Consumer,Central
9861823,18030,998146,2025-08-21,2025-08-25,1,2921.51,0.0,2921.51,Standard,Credit Card,Delivered,2025-08-28,Consumer,North
8782359,18030,477196,2025-10-06,2025-10-13,1,2921.51,25.0,2191.13,Economy,UPI,Delivered,2025-10-15,Small Business,North
6474224,18030,993014,2026-02-22,2026-02-27,1,2921.51,20.0,2337.21,Express,UPI,Shipped,,Small Business,East
4782078,97797,306674,2025-06-30,2025-07-07,2,1675.71,10.0,3016.28,Standard,UPI,Delivered,2025-07-14,Consumer,North
9218819,97797,262608,2026-03-10,2026-03-12,1,1675.71,0.0,1675.71,Standard,UPI,Shipped,,Corporate,South
4892294,74568,385379,2025-07-18,2025-07-22,2,1900.16,10.0,3420.29,Economy,Credit Card,Delivered,2025-07-28,Small Business,West
6345806,78497,944733,2026-03-11,2026-03-16,2,725.77,5.0,1378.96,Economy,Wallet,Cancelled,,Consumer,North
9260172,74568,491532,2025-03-03,2025-03-05,1,1900.16,15.0,1615.14,Economy,UPI,Delivered,2025-03-07,Small Business,South
6556386,74568,639392,2025-02-01,2025-02-03,1,1900.16,25.0,1425.12,Express,Credit Card,Delivered,2025-02-08,Small Business,West
2952169,78497,436252,2026-06-29,2026-07-09,2,725.77,5.0,1378.96,Economy,Net Banking,Delivered,2026-07-12,Small Business,East
4056335,97797,217945,2026-04-17,2026-04-20,3,1675.71,0.0,5027.13,Standard,UPI,Delivered,2026-04-25,Consumer,West
8939159,74568,490297,2026-04-25,2026-04-27,1,1900.16,5.0,1805.15,Express,UPI,Delivered,2026-05-04,Consumer,North
1629318,68899,122372,2026-06-03,2026-06-06,2,2456.67,0.0,4913.34,Standard,UPI,Shipped,,Consumer,West
4786183,56188,436252,2025-09-15,2025-09-18,1,3443.64,5.0,3271.46,Express,UPI,Delivered,2025-09-21,Small Business,South
8032402,79641,330334,2025-06-26,2025-06-30,1,5363.01,0.0,5363.01,Economy,UPI,Delivered,2025-07-07,Consumer,East
6749001,79641,765050,2025-03-28,2025-04-05,1,5363.01,0.0,5363.01,Economy,Credit Card,Delivered,2025-04-09,Consumer,West
2257227,28129,940868,2025-10-14,2025-10-28,3,6269.52,5.0,17868.13,Express,Debit Card,Delivered,2025-11-02,Consumer,North
9448452,68899,610529,2025-05-20,2025-05-25,3,2456.67,0.0,7370.01,Express,COD,Delivered,2025-05-26,Consumer,North
5751018,56188,750976,2026-05-25,2026-05-30,1,3443.64,15.0,2927.09,Economy,UPI,Delivered,2026-06-03,Consumer,East
1494402,79641,897573,2025-01-03,2025-01-06,1,5363.01,0.0,5363.01,Economy,UPI,Cancelled,,Small Business,West
4631465,68899,670563,2025-04-05,2025-04-11,1,2456.67,20.0,1965.34,Same Day,Credit Card,Delivered,2025-04-12,Consumer,East
6035740,79641,319445,2025-06-03,2025-06-05,2,5363.01,0.0,10726.02,Standard,Net Banking,Delivered,2025-06-07,Consumer,South
4681151,28129,469154,2025-05-08,2025-05-10,1,6269.52,0.0,6269.52,Standard,Debit Card,Returned,2025-05-15,Consumer,South
1496858,18474,697204,2025-05-23,2025-06-02,2,1417.87,0.0,2835.74,Economy,Credit Card,Delivered,2025-06-04,Consumer,South
4953931,74568,105859,2025-12-12,2025-12-19,1,1900.16,15.0,1615.14,Same Day,Credit Card,Cancelled,,Consumer,South
5698369,79641,806283,2025-07-18,2025-07-21,2,5363.01,0.0,10726.02,Same Day,Net Banking,Delivered,2025-07-22,Consumer,South
2573254,97797,206966,2025-11-26,2025-12-01,1,1675.71,10.0,1508.14,Express,UPI,Delivered,2025-12-02,Small Business,West
4236934,78497,351349,2026-04-30,2026-05-04,2,725.77,0.0,1451.54,Standard,Credit Card,Delivered,2026-05-08,Consumer,South
7607271,17733,263319,2025-11-22,2025-11-25,2,3137.12,25.0,4705.68,Standard,Credit Card,Delivered,2025-11-29,Consumer,North
6687843,87260,175945,2025-12-27,2025-12-30,1,3209.12,0.0,3209.12,Economy,UPI,Delivered,2026-01-04,Small Business,South
8363790,79641,695423,2025-08-07,2025-08-09,1,5363.01,5.0,5094.86,Standard,UPI,Delivered,2025-08-14,Consumer,West
3277110,79641,108922,2025-04-15,2025-04-19,3,5363.01,20.0,12871.22,Express,UPI,Delivered,2025-04-23,Corporate,South
5545927,68899,696555,2025-07-15,2025-07-18,2,2456.67,0.0,4913.34,Express,Credit Card,Delivered,2025-07-25,Consumer,South
5492557,74568,598537,2026-06-10,2026-06-14,1,1900.16,5.0,1805.15,Economy,Net Banking,Shipped,,Consumer,North
5057916,48964,977488,2025-11-29,2025-12-01,1,770.14,15.0,654.62,Standard,COD,Delivered,2025-12-06,Consumer,Central
2938750,21529,140302,2025-06-21,2025-06-29,1,919.39,5.0,873.42,Same Day,UPI,Shipped,,Consumer,South
1730314,79641,336188,2025-09-21,2025-09-25,2,5363.01,0.0,10726.02,Standard,Credit Card,Cancelled,,Small Business,North
3666447,56188,709849,2026-03-28,2026-04-04,2,3443.64,5.0,6542.92,Standard,UPI,Shipped,,Consumer,West
9396134,79641,934767,2025-12-17,2025-12-19,1,5363.01,0.0,5363.01,Standard,Debit Card,Shipped,,Small Business,Central
2528057,97797,791659,2025-11-06,2025-11-10,2,1675.71,20.0,2681.14,Standard,Credit Card,Shipped,,Consumer,South
5988336,85575,122372,2026-04-27,2026-05-03,2,3516.68,10.0,6330.02,Economy,Debit Card,Delivered,2026-05-07,Consumer,South
7646470,85575,974569,2025-12-18,2025-12-21,2,3516.68,10.0,6330.02,Economy,COD,Delivered,2025-12-24,Consumer,West
3732574,21529,371909,2025-12-07,2025-12-09,1,919.39,0.0,919.39,Standard,UPI,Cancelled,,Small Business,West
9331061,21529,599664,2025-05-03,2025-05-06,1,919.39,10.0,827.45,Economy,Wallet,Delivered,2025-05-08,Consumer,East
3245380,18474,475309,2025-03-14,2025-03-17,1,1417.87,10.0,1276.08,Express,UPI,Shipped,,Consumer,West
3774703,18474,306674,2026-06-10,2026-06-13,1,1417.87,0.0,1417.87,Express,UPI,Returned,2026-06-20,Consumer,West
5093987,85575,211372,2025-11-20,2025-11-23,1,3516.68,20.0,2813.34,Economy,Credit Card,Delivered,2025-11-29,Consumer,West
3581944,79641,353063,2025-09-03,2025-09-06,1,5363.01,10.0,4826.71,Express,UPI,Delivered,2025-09-12,Consumer,Central
3887565,18030,993014,2025-11-17,2025-11-22,1,2921.51,15.0,2483.28,Standard,Credit Card,Delivered,2025-11-26,Small Business,East
1454789,87260,436252,2025-02-13,2025-02-14,2,3209.12,5.0,6097.33,Standard,UPI,Delivered,2025-02-21,Small Business,Central
3235039,28129,943040,2026-03-20,2026-03-23,1,6269.52,0.0,6269.52,Express,Debit Card,Delivered,2026-03-25,Consumer,East
2765725,97797,754177,2025-05-18,2025-05-23,2,1675.71,15.0,2848.71,Economy,Debit Card,Shipped,,Consumer,Central
1551460,97797,236367,2026-03-10,2026-03-12,1,1675.71,15.0,1424.35,Express,UPI,Delivered,2026-03-17,Small Business,South
7841287,79641,457804,2025-10-28,2025-10-30,1,5363.01,5.0,5094.86,Standard,Credit Card,Delivered,2025-11-02,Consumer,West
9153020,21529,563481,2025-06-20,2025-06-22,1,919.39,0.0,919.39,Standard,Debit Card,Shipped,,Small Business,South
2917506,28129,557517,2025-01-22,2025-01-23,2,6269.52,15.0,10658.18,Economy,COD,Delivered,2025-01-27,Consumer,West
5305183,68899,671259,2026-03-17,2026-03-21,2,2456.67,0.0,4913.34,Standard,Credit Card,Cancelled,,Corporate,North
1521459,56188,227114,2025-04-25,2025-04-26,1,3443.64,5.0,3271.46,Express,Debit Card,Delivered,2025-05-02,Corporate,West
5928594,68899,592041,2025-02-06,2025-02-09,2,2456.67,10.0,4422.01,Express,Debit Card,Processing,,Consumer,West
7668978,97797,940868,2026-02-05,2026-02-19,1,1675.71,0.0,1675.71,Standard,Debit Card,Delivered,2026-02-22,Consumer,North
8718718,28129,588449,2025-07-30,2025-08-06,2,6269.52,0.0,12539.04,Standard,UPI,Delivered,2025-08-08,Consumer,West
9154716,18030,513963,2025-08-20,2025-08-22,1,2921.51,0.0,2921.51,Standard,Debit Card,Delivered,2025-08-26,Consumer,West
7470837,68899,789525,2025-06-04,2025-06-07,1,2456.67,20.0,1965.34,Standard,UPI,Delivered,2025-06-10,Consumer,West
9964397,85575,709849,2026-04-11,2026-04-15,1,3516.68,5.0,3340.85,Express,UPI,Delivered,2026-04-17,Consumer,North
7761247,48964,724795,2025-07-02,2025-07-08,3,770.14,10.0,2079.38,Economy,Debit Card,Processing,,Consumer,West
7038183,79641,549234,2025-05-14,2025-05-20,1,5363.01,25.0,4022.26,Standard,COD,Shipped,,Consumer,West
1534573,48964,588449,2025-07-09,2025-07-11,2,770.14,10.0,1386.25,Express,COD,Delivered,2025-07-14,Consumer,West
1200094,79641,361785,2025-05-10,2025-05-12,1,5363.01,10.0,4826.71,Standard,Credit Card,Delivered,2025-05-13,Consumer,North
8156594,79641,490297,2025-07-13,2025-07-16,1,5363.01,10.0,4826.71,Standard,Debit Card,Processing,,Consumer,West
9578163,85575,368880,2025-03-01,2025-03-08,1,3516.68,5.0,3340.85,Same Day,Credit Card,Shipped,,Small Business,West
3767652,79641,592041,2025-04-14,2025-04-21,3,5363.01,10.0,14480.13,Economy,Credit Card,Delivered,2025-04-25,Consumer,Central
4614611,79641,351349,2025-09-04,2025-09-06,2,5363.01,25.0,8044.52,Same Day,UPI,Delivered,2025-09-11,Consumer,East
8122358,79641,960030,2026-04-23,2026-04-27,1,5363.01,15.0,4558.56,Standard,UPI,Cancelled,,Consumer,West
8081520,97797,307157,2025-02-10,2025-02-12,2,1675.71,5.0,3183.85,Express,UPI,Delivered,2025-02-16,Consumer,West
7836544,68899,370842,2025-05-15,2025-05-20,1,2456.67,5.0,2333.84,Standard,Debit Card,Delivered,2025-05-22,Consumer,West
6795982,79641,998146,2026-05-10,2026-05-17,1,5363.01,20.0,4290.41,Economy,Debit Card,Shipped,,Consumer,North
6308455,21529,610529,2026-04-29,2026-05-02,1,919.39,0.0,919.39,Express,COD,Delivered,2026-05-09,Consumer,West
9176663,68899,771999,2025-12-21,2025-12-23,1,2456.67,15.0,2088.17,Economy,COD,Processing,,Small Business,Central
3928491,79641,196949,2025-05-31,2025-06-04,1,5363.01,0.0,5363.01,Standard,Credit Card,Delivered,2025-06-09,Consumer,East
1071639,79641,639392,2025-09-05,2025-09-08,2,5363.01,15.0,9117.12,Standard,UPI,Shipped,,Small Business,North
7017368,56188,357793,2025-05-15,2025-05-21,1,3443.64,15.0,2927.09,Same Day,UPI,Returned,2025-05-28,Consumer,West
7790325,68899,209641,2025-03-27,2025-03-30,3,2456.67,10.0,6633.01,Standard,UPI,Returned,2025-03-31,Consumer,East
3249826,85575,693372,2025-08-15,2025-08-22,2,3516.68,0.0,7033.36,Express,UPI,Cancelled,,Consumer,North
8718825,68899,823918,2025-11-12,2025-11-15,3,2456.67,15.0,6264.51,Express,COD,Processing,,Consumer,East
7185015,79641,206966,2025-08-04,2025-08-06,2,5363.01,5.0,10189.72,Economy,Credit Card,Delivered,2025-08-12,Small Business,West
5277736,28129,261325,2025-11-25,2025-11-28,3,6269.52,5.0,17868.13,Standard,Debit Card,Returned,2025-12-02,Consumer,North
8506395,18030,384068,2025-07-02,2025-07-03,1,2921.51,10.0,2629.36,Economy,COD,Cancelled,,Consumer,East
5441381,74568,972314,2025-07-28,2025-07-31,1,1900.16,5.0,1805.15,Standard,Credit Card,Delivered,2025-08-04,Consumer,Central
4797160,18030,555666,2026-03-02,2026-03-07,1,2921.51,10.0,2629.36,Standard,Credit Card,Delivered,2026-03-14,Consumer,North
5872832,85575,906386,2026-04-22,2026-04-24,3,3516.68,0.0,10550.04,Express,Net Banking,Delivered,2026-04-30,Consumer,South
1748806,18030,371909,2025-07-15,2025-07-17,1,2921.51,5.0,2775.43,Standard,Net Banking,Delivered,2025-07-18,Small Business,South
4067909,97797,307157,2025-11-11,2025-11-13,2,1675.71,20.0,2681.14,Economy,UPI,Shipped,,Consumer,North
4001865,28129,940868,2025-06-21,2025-06-22,2,6269.52,0.0,12539.04,Economy,Net Banking,Delivered,2025-06-29,Consumer,Central
5320197,74568,307157,2025-02-07,2025-02-14,1,1900.16,5.0,1805.15,Economy,UPI,Delivered,2025-02-15,Consumer,North
2699383,74568,175945,2026-01-23,2026-01-31,3,1900.16,10.0,5130.43,Economy,Credit Card,Delivered,2026-02-03,Small Business,West
1789206,18030,693372,2025-04-22,2025-04-23,1,2921.51,20.0,2337.21,Express,UPI,Delivered,2025-04-30,Consumer,West
5446484,79641,378914,2025-09-08,2025-09-13,1,5363.01,10.0,4826.71,Standard,Net Banking,Returned,2025-09-19,Consumer,North
4239839,79641,384300,2025-10-08,2025-10-13,2,5363.01,15.0,9117.12,Economy,Wallet,Delivered,2025-10-17,Consumer,East
8419632,79641,699277,2025-04-30,2025-05-14,1,5363.01,0.0,5363.01,Standard,Debit Card,Delivered,2025-05-18,Small Business,West
6872934,79641,378914,2025-03-07,2025-03-10,1,5363.01,5.0,5094.86,Economy,Credit Card,Delivered,2025-03-11,Consumer,South
5714568,68899,217945,2025-07-29,2025-08-01,1,2456.67,20.0,1965.34,Express,Net Banking,Processing,,Consumer,Central
5706871,28129,210470,2026-06-03,2026-06-06,1,6269.52,20.0,5015.62,Express,Debit Card,Processing,,Small Business,South
6411828,18474,262608,2025-11-26,2025-12-02,2,1417.87,10.0,2552.17,Standard,Credit Card,Delivered,2025-12-05,Corporate,West
4218798,79641,939711,2025-08-16,2025-08-21,3,5363.01,10.0,14480.13,Standard,Wallet,Delivered,2025-08-24,Small Business,South
7702448,21529,860977,2025-01-28,2025-02-01,1,919.39,5.0,873.42,Standard,UPI,Delivered,2025-02-07,Small Business,South
2522128,97797,942315,2025-11-21,2025-11-24,1,1675.71,0.0,1675.71,Standard,Debit Card,Delivered,2025-11-28,Consumer,West
8294554,28129,972314,2025-03-06,2025-03-11,1,6269.52,20.0,5015.62,Standard,Credit Card,Shipped,,Consumer,North
1270940,48964,765050,2025-10-31,2025-11-06,3,770.14,15.0,1963.86,Standard,Credit Card,Delivered,2025-11-09,Consumer,North
5297152,87260,555666,2026-02-02,2026-02-05,2,3209.12,5.0,6097.33,Standard,Net Banking,Delivered,2026-02-09,Consumer,North
6417748,48964,932301,2025-09-07,2025-09-12,1,770.14,5.0,731.63,Express,UPI,Delivered,2025-09-14,Corporate,North
7843501,74568,789525,2025-07-03,2025-07-06,1,1900.16,5.0,1805.15,Standard,Credit Card,Delivered,2025-07-10,Consumer,West
7143014,74568,599283,2025-02-03,2025-02-07,3,1900.16,0.0,5700.48,Economy,Debit Card,Delivered,2025-02-14,Consumer,West
7098825,21529,914856,2025-01-18,2025-01-22,3,919.39,15.0,2344.44,Standard,Credit Card,Delivered,2025-01-28,Consumer,West
6782144,74568,477196,2025-09-10,2025-09-16,1,1900.16,10.0,1710.14,Express,Credit Card,Delivered,2025-09-18,Small Business,West
5740805,18030,307157,2026-04-26,2026-05-06,3,2921.51,0.0,8764.53,Standard,Debit Card,Delivered,2026-05-10,Consumer,North
4816580,85575,765050,2025-06-02,2025-06-05,1,3516.68,10.0,3165.01,Express,UPI,Delivered,2025-06-09,Consumer,West
6493541,85575,388350,2025-11-11,2025-11-14,1,3516.68,25.0,2637.51,Express,Credit Card,Returned,2025-11-19,Consumer,North
7072476,56188,592041,2025-12-23,2025-12-26,2,3443.64,0.0,6887.28,Express,Debit Card,Delivered,2026-01-01,Consumer,West
5174115,21529,316850,2025-02-13,2025-02-15,1,919.39,5.0,873.42,Standard,UPI,Delivered,2025-02-19,Consumer,West
4557469,79641,236367,2025-04-11,2025-04-14,1,5363.01,10.0,4826.71,Express,UPI,Delivered,2025-04-17,Small Business,West
2260384,79641,555666,2025-07-20,2025-07-22,3,5363.01,0.0,16089.03,Standard,Credit Card,Shipped,,Consumer,South
1855253,78497,218990,2025-12-17,2025-12-20,3,725.77,10.0,1959.58,Standard,Credit Card,Cancelled,,Consumer,North
3233286,85575,659588,2025-09-15,2025-09-17,1,3516.68,10.0,3165.01,Standard,Credit Card,Shipped,,Consumer,East
2589979,74568,491532,2026-01-20,2026-01-23,2,1900.16,0.0,3800.32,Express,Debit Card,Delivered,2026-01-30,Small Business,West
7844175,97797,185010,2026-04-16,2026-04-22,2,1675.71,0.0,3351.42,Standard,Net Banking,Shipped,,Consumer,North
1463036,18030,563481,2026-02-06,2026-02-09,1,2921.51,20.0,2337.21,Same Day,Credit Card,Delivered,2026-02-13,Small Business,East
3847180,68899,599283,2026-06-26,2026-06-30,5,2456.67,5.0,11669.18,Standard,Net Banking,Processing,,Consumer,South
5428663,85575,370842,2026-02-04,2026-02-11,2,3516.68,10.0,6330.02,Standard,Net Banking,Shipped,,Consumer,West
9679892,28129,209641,2026-04-07,2026-04-11,1,6269.52,10.0,5642.57,Standard,Credit Card,Delivered,2026-04-15,Consumer,West
6745907,74568,256838,2026-03-26,2026-03-28,1,1900.16,15.0,1615.14,Standard,Credit Card,Delivered,2026-04-03,Consumer,West
3081831,85575,914856,2026-01-17,2026-01-20,3,3516.68,15.0,8967.53,Express,Credit Card,Delivered,2026-01-22,Consumer,East
6779787,28129,209641,2026-03-08,2026-03-12,5,6269.52,15.0,26645.46,Economy,Credit Card,Delivered,2026-03-18,Consumer,South
7938364,85575,704903,2026-05-24,2026-05-28,1,3516.68,10.0,3165.01,Same Day,UPI,Processing,,Consumer,South
7628243,21529,599283,2025-10-02,2025-10-04,1,919.39,5.0,873.42,Standard,Credit Card,Delivered,2025-10-08,Consumer,North
6071386,79641,599283,2025-12-05,2025-12-08,2,5363.01,5.0,10189.72,Standard,Wallet,Shipped,,Consumer,South
2003784,79641,488868,2025-10-19,2025-10-23,1,5363.01,5.0,5094.86,Economy,UPI,Returned,2025-10-29,Consumer,North
6854125,74568,282435,2026-04-06,2026-04-09,1,1900.16,5.0,1805.15,Standard,Net Banking,Delivered,2026-04-11,Consumer,West
4683793,48964,966752,2025-09-11,2025-09-15,3,770.14,0.0,2310.42,Standard,Net Banking,Delivered,2025-09-22,Consumer,South
3217059,78497,856696,2026-03-19,2026-03-20,2,725.77,5.0,1378.96,Economy,UPI,Delivered,2026-03-26,Small Business,West
5284955,79641,226199,2026-03-07,2026-03-10,3,5363.01,5.0,15284.58,Standard,COD,Shipped,,Corporate,West
4712888,48964,336188,2026-06-09,2026-06-15,2,770.14,0.0,1540.28,Standard,COD,Delivered,2026-06-19,Small Business,West
6567914,97797,133665,2025-06-05,2025-06-08,1,1675.71,5.0,1591.92,Standard,Debit Card,Delivered,2025-06-09,Small Business,North
1971283,97797,557517,2026-01-03,2026-01-07,3,1675.71,15.0,4273.06,Express,Credit Card,Delivered,2026-01-11,Consumer,North
9873223,17733,122589,2026-02-05,2026-02-08,1,3137.12,10.0,2823.41,Standard,Debit Card,Cancelled,,Small Business,North
4246958,79641,427245,2026-05-25,2026-05-28,1,5363.01,15.0,4558.56,Express,Credit Card,Delivered,2026-06-04,Consumer,West
5583378,74568,306674,2026-05-09,2026-05-16,3,1900.16,10.0,5130.43,Standard,UPI,Delivered,2026-05-21,Consumer,Central
9636961,78497,566913,2025-11-11,2025-11-14,2,725.77,20.0,1161.23,Standard,Debit Card,Returned,2025-11-16,Small Business,West
1675149,74568,568904,2025-11-13,2025-11-15,3,1900.16,15.0,4845.41,Standard,UPI,Delivered,2025-11-21,Consumer,East
8495300,21529,185010,2025-04-20,2025-04-27,1,919.39,0.0,919.39,Economy,Net Banking,Delivered,2025-04-28,Consumer,North
2756986,74568,806283,2026-06-16,2026-06-21,4,1900.16,25.0,5700.48,Standard,Debit Card,Delivered,2026-06-25,Consumer,North
3050755,79641,806283,2025-06-08,2025-06-13,2,5363.01,0.0,10726.02,Same Day,UPI,Delivered,2025-06-14,Consumer,South
6243425,74568,555666,2026-01-14,2026-01-15,2,1900.16,10.0,3420.29,Standard,Debit Card,Delivered,2026-01-16,Consumer,North
3772479,97797,940868,2026-03-05,2026-03-07,3,1675.71,15.0,4273.06,Standard,Net Banking,Delivered,2026-03-09,Consumer,North
7344583,79641,379266,2025-09-16,2025-09-20,1,5363.01,5.0,5094.86,Standard,UPI,Delivered,2025-09-23,Small Business,West
7559307,79641,330334,2025-05-15,2025-05-17,2,5363.01,10.0,9653.42,Express,Credit Card,Delivered,2025-05-23,Consumer,East
8932834,56188,754177,2025-05-02,2025-05-04,2,3443.64,5.0,6542.92,Standard,UPI,Delivered,2025-05-11,Consumer,West
5175269,28129,588449,2026-04-09,2026-04-15,2,6269.52,0.0,12539.04,Economy,Credit Card,Delivered,2026-04-21,Consumer,South
7969386,28129,330334,2025-10-17,2025-10-20,3,6269.52,0.0,18808.56,Economy,Net Banking,Delivered,2025-10-26,Consumer,North
2858607,79641,765050,2025-03-05,2025-03-06,2,5363.01,0.0,10726.02,Economy,UPI,Shipped,,Consumer,East
2607402,28129,312773,2026-01-08,2026-01-09,1,6269.52,0.0,6269.52,Express,Debit Card,Shipped,,Consumer,South
8806222,74568,248125,2025-06-05,2025-06-08,1,1900.16,10.0,1710.14,Express,UPI,Delivered,2025-06-10,Small Business,West
7870524,78497,750976,2026-04-21,2026-04-25,4,725.77,10.0,2612.77,Express,Wallet,Cancelled,,Consumer,South
7385029,74568,757146,2025-07-09,2025-07-16,4,1900.16,5.0,7220.61,Standard,Net Banking,Processing,,Consumer,West
5525549,48964,477196,2025-05-09,2025-05-11,4,770.14,10.0,2772.5,Economy,UPI,Delivered,2025-05-15,Small Business,South
9630493,17733,550630,2025-03-02,2025-03-04,1,3137.12,0.0,3137.12,Economy,Net Banking,Returned,2025-03-05,Consumer,South
8168782,79641,282435,2025-10-18,2025-10-22,1,5363.01,5.0,5094.86,Standard,UPI,Cancelled,,Consumer,East
7199815,79641,105859,2025-09-21,2025-09-24,2,5363.01,15.0,9117.12,Economy,Net Banking,Delivered,2025-09-29,Consumer,West
2341249,79641,218990,2026-02-01,2026-02-05,2,5363.01,20.0,8580.82,Economy,Wallet,Delivered,2026-02-09,Consumer,West
3608384,78497,934697,2025-09-28,2025-10-06,1,725.77,5.0,689.48,Standard,Credit Card,Delivered,2025-10-11,Small Business,South
3952244,79641,932301,2025-07-27,2025-07-31,2,5363.01,0.0,10726.02,Economy,Credit Card,Delivered,2025-08-06,Corporate,West
4343604,56188,368880,2025-06-12,2025-06-15,1,3443.64,15.0,2927.09,Standard,Debit Card,Shipped,,Small Business,West
3253822,18030,401988,2025-06-21,2025-07-05,1,2921.51,20.0,2337.21,Standard,Credit Card,Delivered,2025-07-12,Consumer,South
8879324,68899,750976,2026-05-21,2026-05-22,1,2456.67,5.0,2333.84,Standard,Debit Card,Delivered,2026-05-28,Consumer,South
4916442,85575,119446,2025-04-18,2025-04-26,1,3516.68,0.0,3516.68,Express,Credit Card,Delivered,2025-04-29,Small Business,West
9645039,18474,368880,2026-06-24,2026-06-28,1,1417.87,0.0,1417.87,Standard,UPI,Processing,,Small Business,South
2576455,79641,750976,2025-07-18,2025-07-22,3,5363.01,10.0,14480.13,Economy,Credit Card,Delivered,2025-07-23,Consumer,East
7139771,28129,588449,2025-03-04,2025-03-12,2,6269.52,20.0,10031.23,Standard,Debit Card,Shipped,,Consumer,South
1880020,28129,856696,2025-06-05,2025-06-09,4,6269.52,10.0,22570.27,Standard,UPI,Delivered,2025-06-10,Small Business,West
7742378,50534,670867,2025-02-11,2025-02-14,1,1113.02,5.0,1057.37,Express,Debit Card,Delivered,2025-02-19,Small Business,West
7612446,78497,639392,2026-03-01,2026-03-04,1,725.77,10.0,653.19,Standard,UPI,Delivered,2026-03-10,Small Business,West
3655046,68899,388350,2025-10-18,2025-10-23,1,2456.67,15.0,2088.17,Express,Net Banking,Delivered,2025-10-28,Consumer,South
1347768,79641,772034,2025-07-23,2025-07-27,2,5363.01,10.0,9653.42,Standard,COD,Delivered,2025-08-01,Consumer,North
4886246,87260,599664,2025-12-14,2025-12-16,1,3209.12,15.0,2727.75,Economy,UPI,Delivered,2025-12-18,Consumer,West
6430566,85575,388560,2025-12-02,2025-12-07,2,3516.68,5.0,6681.69,Express,Credit Card,Delivered,2025-12-14,Corporate,West
2389656,85575,282435,2026-05-27,2026-06-01,2,3516.68,5.0,6681.69,Standard,Credit Card,Delivered,2026-06-03,Consumer,South
8013008,87260,261325,2026-06-08,2026-06-11,3,3209.12,10.0,8664.62,Standard,COD,Shipped,,Consumer,South
2635000,28129,539708,2025-12-22,2025-12-23,1,6269.52,10.0,5642.57,Standard,UPI,Shipped,,Consumer,Central
2208264,28129,384300,2026-03-18,2026-03-21,1,6269.52,25.0,4702.14,Economy,Net Banking,Delivered,2026-03-27,Consumer,West
9846147,78497,563481,2026-03-03,2026-03-04,1,725.77,10.0,653.19,Express,UPI,Shipped,,Small Business,West
1090924,79641,897573,2025-10-09,2025-10-10,1,5363.01,5.0,5094.86,Standard,Credit Card,Delivered,2025-10-15,Small Business,South
3012282,28129,566913,2025-12-31,2026-01-03,2,6269.52,5.0,11912.09,Standard,UPI,Delivered,2026-01-08,Small Business,West
6106688,74568,196949,2025-02-25,2025-02-27,1,1900.16,10.0,1710.14,Economy,Net Banking,Delivered,2025-03-02,Consumer,West
8619443,79641,436252,2026-02-06,2026-02-09,2,5363.01,5.0,10189.72,Standard,Wallet,Delivered,2026-02-13,Small Business,South
5680636,56188,906386,2026-06-09,2026-06-14,1,3443.64,15.0,2927.09,Express,Credit Card,Shipped,,Consumer,West
5620434,78497,382353,2025-03-02,2025-03-05,5,725.77,5.0,3447.41,Same Day,UPI,Delivered,2025-03-10,Consumer,West
9941408,28129,670563,2026-03-28,2026-04-11,5,6269.52,5.0,29780.22,Standard,Credit Card,Delivered,2026-04-16,Consumer,North
8399058,97797,549338,2026-05-23,2026-05-30,1,1675.71,10.0,1508.14,Express,COD,Delivered,2026-06-03,Small Business,South
8568884,97797,181824,2025-05-23,2025-05-27,3,1675.71,0.0,5027.13,Standard,Debit Card,Delivered,2025-05-29,Consumer,West
6140058,78497,457804,2025-10-23,2025-11-02,1,725.77,10.0,653.19,Standard,Net Banking,Delivered,2025-11-03,Consumer,East
3141689,17733,248125,2026-05-21,2026-05-28,2,3137.12,10.0,5646.82,Economy,Credit Card,Delivered,2026-05-31,Small Business,West
5764006,17733,351349,2026-06-08,2026-06-11,3,3137.12,5.0,8940.79,Express,UPI,Delivered,2026-06-14,Consumer,Central
6016267,28129,964228,2025-03-27,2025-04-01,2,6269.52,15.0,10658.18,Economy,UPI,Delivered,2025-04-06,Consumer,Central
7088800,28129,942315,2025-07-30,2025-08-01,2,6269.52,15.0,10658.18,Express,Debit Card,Delivered,2025-08-08,Consumer,South
1782723,97797,902639,2025-12-29,2026-01-03,1,1675.71,15.0,1424.35,Standard,Wallet,Cancelled,,Corporate,West
9443887,85575,108922,2025-05-20,2025-05-24,2,3516.68,5.0,6681.69,Express,COD,Delivered,2025-05-30,Corporate,East
6484238,97797,282435,2025-07-17,2025-07-18,2,1675.71,5.0,3183.85,Express,Wallet,Delivered,2025-07-23,Consumer,South
4231412,21529,794726,2025-01-17,2025-01-20,1,919.39,15.0,781.48,Standard,Debit Card,Delivered,2025-01-27,Consumer,West
3791083,85575,371909,2025-04-11,2025-04-19,1,3516.68,10.0,3165.01,Standard,Net Banking,Delivered,2025-04-26,Small Business,South
8208634,28129,557517,2025-11-07,2025-11-10,2,6269.52,10.0,11285.14,Express,UPI,Delivered,2025-11-12,Consumer,South
7979897,28129,401988,2025-12-11,2025-12-13,2,6269.52,10.0,11285.14,Same Day,UPI,Delivered,2025-12-18,Consumer,East
5403383,28129,539708,2025-12-09,2025-12-11,1,6269.52,15.0,5329.09,Standard,UPI,Delivered,2025-12-15,Consumer,North
5784237,79641,441953,2026-02-21,2026-02-25,3,5363.01,0.0,16089.03,Economy,UPI,Delivered,2026-03-04,Small Business,East
5902660,79641,944733,2025-09-03,2025-09-09,2,5363.01,10.0,9653.42,Standard,Credit Card,Delivered,2025-09-14,Consumer,North
1980991,18030,924267,2025-06-19,2025-06-24,1,2921.51,0.0,2921.51,Standard,Debit Card,Delivered,2025-06-25,Consumer,North
9051306,28129,972314,2025-01-11,2025-01-14,1,6269.52,5.0,5956.04,Standard,Credit Card,Delivered,2025-01-16,Consumer,South
2729991,74568,204369,2025-05-12,2025-05-14,2,1900.16,10.0,3420.29,Economy,Debit Card,Delivered,2025-05-15,Consumer,Central
8992071,85575,196949,2025-07-10,2025-07-11,2,3516.68,10.0,6330.02,Standard,Credit Card,Delivered,2025-07-13,Consumer,Central
7663690,18030,133665,2025-04-26,2025-04-30,1,2921.51,5.0,2775.43,Express,Credit Card,Shipped,,Small Business,East
2066711,74568,104775,2025-01-15,2025-01-21,1,1900.16,20.0,1520.13,Standard,Net Banking,Delivered,2025-01-27,Consumer,East
9351384,56188,847924,2025-04-14,2025-04-19,2,3443.64,15.0,5854.19,Express,UPI,Processing,,Consumer,South
9260288,17733,227114,2025-12-16,2025-12-19,2,3137.12,10.0,5646.82,Economy,Credit Card,Delivered,2025-12-24,Corporate,West
7922920,78497,856696,2025-12-02,2025-12-06,3,725.77,25.0,1632.98,Standard,Net Banking,Delivered,2025-12-13,Small Business,East
7567964,21529,475309,2026-05-25,2026-05-28,1,919.39,5.0,873.42,Economy,COD,Delivered,2026-06-02,Consumer,West
9106353,79641,181824,2026-03-06,2026-03-10,2,5363.01,15.0,9117.12,Standard,COD,Shipped,,Consumer,West
1977819,17733,897573,2025-11-09,2025-11-13,1,3137.12,0.0,3137.12,Standard,Wallet,Delivered,2025-11-15,Small Business,South
1220043,28129,823918,2025-04-02,2025-04-07,1,6269.52,5.0,5956.04,Express,COD,Delivered,2025-04-13,Consumer,North
3604657,17733,226303,2025-11-08,2025-11-12,2,3137.12,5.0,5960.53,Express,UPI,Delivered,2025-11-16,Consumer,South
4952536,78497,263319,2025-02-13,2025-02-21,2,725.77,0.0,1451.54,Standard,COD,Delivered,2025-02-27,Consumer,West
6640702,79641,539708,2025-09-11,2025-09-14,1,5363.01,10.0,4826.71,Express,COD,Returned,2025-09-15,Consumer,West
8578254,79641,709849,2025-08-21,2025-08-22,2,5363.01,0.0,10726.02,Standard,Debit Card,Delivered,2025-08-24,Consumer,West
3238257,21529,477196,2025-09-09,2025-09-11,1,919.39,10.0,827.45,Express,Wallet,Delivered,2025-09-12,Small Business,South
3210059,85575,975770,2025-06-23,2025-06-27,1,3516.68,0.0,3516.68,Express,Net Banking,Delivered,2025-07-02,Small Business,West
7405245,79641,353063,2025-12-24,2025-12-28,1,5363.01,0.0,5363.01,Economy,Net Banking,Delivered,2026-01-01,Consumer,North
4665903,18030,330334,2026-03-31,2026-04-04,1,2921.51,25.0,2191.13,Standard,COD,Processing,,Consumer,West
9741650,56188,185010,2026-02-14,2026-02-19,2,3443.64,10.0,6198.55,Express,Debit Card,Shipped,,Consumer,South
7924040,85575,750976,2025-12-01,2025-12-04,3,3516.68,20.0,8440.03,Express,Debit Card,Cancelled,,Consumer,South
1506956,97797,975770,2025-10-29,2025-11-03,2,1675.71,10.0,3016.28,Standard,UPI,Delivered,2025-11-10,Small Business,South
9483055,79641,960030,2025-01-22,2025-01-27,1,5363.01,0.0,5363.01,Standard,Net Banking,Delivered,2025-02-03,Consumer,East
4298218,68899,276775,2026-01-12,2026-01-15,1,2456.67,10.0,2211.0,Economy,Wallet,Delivered,2026-01-19,Consumer,West
5314390,28129,974569,2025-11-01,2025-11-04,1,6269.52,10.0,5642.57,Standard,Wallet,Delivered,2025-11-09,Consumer,South
4015413,48964,119900,2025-06-17,2025-06-19,2,770.14,0.0,1540.28,Economy,Net Banking,Cancelled,,Consumer,North
6727092,28129,263319,2025-07-18,2025-07-21,1,6269.52,20.0,5015.62,Standard,COD,Delivered,2025-07-28,Consumer,West
6587521,85575,427245,2026-05-25,2026-05-31,1,3516.68,10.0,3165.01,Economy,Credit Card,Delivered,2026-06-01,Consumer,East
7174144,74568,934767,2025-11-30,2025-12-07,2,1900.16,15.0,3230.27,Standard,COD,Delivered,2025-12-10,Small Business,Central
6054531,79641,388560,2025-10-03,2025-10-07,2,5363.01,10.0,9653.42,Economy,Credit Card,Shipped,,Corporate,North
6235418,68899,773930,2025-11-28,2025-12-01,1,2456.67,10.0,2211.0,Express,UPI,Delivered,2025-12-08,Consumer,Central
9988569,85575,944733,2025-09-02,2025-09-07,1,3516.68,0.0,3516.68,Standard,Credit Card,Shipped,,Consumer,South
2943205,85575,128716,2025-09-30,2025-10-05,2,3516.68,25.0,5275.02,Express,UPI,Shipped,,Consumer,South
8951245,50534,491532,2025-06-28,2025-07-01,1,1113.02,5.0,1057.37,Express,Debit Card,Processing,,Small Business,West
1244624,50534,263319,2025-09-15,2025-09-21,1,1113.02,0.0,1113.02,Standard,Credit Card,Delivered,2025-09-22,Consumer,West
8525394,56188,846689,2025-12-24,2025-12-25,3,3443.64,0.0,10330.92,Standard,UPI,Delivered,2025-12-28,Small Business,West
1334245,74568,330334,2025-01-29,2025-01-30,1,1900.16,10.0,1710.14,Express,Net Banking,Delivered,2025-02-04,Consumer,South
3467013,78497,353063,2026-03-04,2026-03-06,1,725.77,25.0,544.33,Same Day,Credit Card,Processing,,Consumer,South
5547166,48964,160872,2025-06-24,2025-06-26,1,770.14,20.0,616.11,Standard,UPI,Returned,2025-07-03,Consumer,West
7106987,28129,227114,2025-12-22,2025-12-29,1,6269.52,15.0,5329.09,Economy,Credit Card,Delivered,2026-01-03,Corporate,North
7760776,79641,969595,2025-12-07,2025-12-10,1,5363.01,25.0,4022.26,Standard,Credit Card,Delivered,2025-12-14,Consumer,West
8307226,68899,847924,2025-12-11,2025-12-14,1,2456.67,15.0,2088.17,Standard,Credit Card,Delivered,2025-12-18,Consumer,South
2879358,97797,974569,2025-11-24,2025-11-27,1,1675.71,5.0,1591.92,Express,UPI,Delivered,2025-12-01,Consumer,West
1925395,85575,370842,2026-06-07,2026-06-10,1,3516.68,10.0,3165.01,Standard,Net Banking,Delivered,2026-06-11,Consumer,North
6524392,87260,599283,2025-10-16,2025-10-19,3,3209.12,0.0,9627.36,Standard,UPI,Delivered,2025-10-24,Consumer,South
4617701,78497,378914,2026-01-19,2026-01-21,4,725.77,0.0,2903.08,Express,Wallet,Processing,,Consumer,North
7504562,97797,140302,2025-12-31,2026-01-05,1,1675.71,5.0,1591.92,Standard,UPI,Delivered,2026-01-08,Consumer,West
8079026,28129,903998,2025-05-29,2025-05-31,1,6269.52,0.0,6269.52,Standard,Net Banking,Delivered,2025-06-03,Consumer,South
2381714,97797,637227,2025-06-24,2025-06-30,2,1675.71,25.0,2513.56,Express,COD,Delivered,2025-07-07,Consumer,Central
9879058,79641,195305,2025-09-07,2025-09-09,5,5363.01,25.0,20111.29,Express,Debit Card,Delivered,2025-09-14,Consumer,West
4199662,68899,877837,2025-06-21,2025-06-26,3,2456.67,5.0,7001.51,Economy,Credit Card,Delivered,2025-06-29,Consumer,South
4968489,56188,847924,2025-08-08,2025-08-14,1,3443.64,15.0,2927.09,Express,Credit Card,Delivered,2025-08-15,Consumer,West
9309435,74568,140413,2025-08-21,2025-08-23,1,1900.16,5.0,1805.15,Express,UPI,Delivered,2025-08-29,Consumer,West
3022046,74568,175945,2025-11-22,2025-11-24,1,1900.16,0.0,1900.16,Standard,UPI,Delivered,2025-11-29,Small Business,South
8889522,48964,992112,2025-05-20,2025-05-28,3,770.14,5.0,2194.9,Economy,Credit Card,Delivered,2025-06-02,Consumer,West
8584571,79641,902639,2026-03-10,2026-03-14,2,5363.01,0.0,10726.02,Standard,COD,Delivered,2026-03-16,Corporate,South
4755242,85575,939711,2025-09-14,2025-09-18,1,3516.68,5.0,3340.85,Standard,COD,Delivered,2025-09-20,Small Business,Central
9077332,97797,754177,2026-01-01,2026-01-02,1,1675.71,0.0,1675.71,Economy,Debit Card,Delivered,2026-01-06,Consumer,West
3048794,21529,475309,2025-02-28,2025-03-03,1,919.39,0.0,919.39,Same Day,Credit Card,Delivered,2025-03-09,Consumer,West
6119261,79641,204369,2025-09-30,2025-10-04,2,5363.01,0.0,10726.02,Express,Credit Card,Delivered,2025-10-07,Consumer,East
5268899,21529,384068,2025-01-20,2025-01-27,1,919.39,20.0,735.51,Standard,Debit Card,Delivered,2025-01-31,Consumer,South
4101476,28129,119446,2025-12-20,2025-12-23,2,6269.52,0.0,12539.04,Standard,Wallet,Delivered,2025-12-30,Small Business,East
1844213,78497,724795,2025-07-27,2025-08-02,2,725.77,5.0,1378.96,Express,UPI,Cancelled,,Consumer,West
5007219,79641,914856,2026-06-02,2026-06-07,2,5363.01,10.0,9653.42,Same Day,Credit Card,Delivered,2026-06-09,Consumer,North
5174550,97797,762879,2025-07-16,2025-07-18,1,1675.71,5.0,1591.92,Standard,UPI,Delivered,2025-07-20,Consumer,Central
1028336,85575,549338,2025-11-08,2025-11-11,3,3516.68,10.0,9495.04,Standard,Credit Card,Delivered,2025-11-18,Small Business,West
3793894,74568,992112,2025-06-10,2025-06-12,2,1900.16,0.0,3800.32,Standard,Debit Card,Shipped,,Consumer,East
4970711,79641,940868,2025-11-28,2025-12-01,1,5363.01,10.0,4826.71,Express,Debit Card,Delivered,2025-12-08,Consumer,North
7743685,74568,316850,2025-09-29,2025-10-03,1,1900.16,10.0,1710.14,Express,UPI,Cancelled,,Consumer,East
2701298,28129,799603,2025-08-10,2025-08-13,2,6269.52,10.0,11285.14,Standard,UPI,Delivered,2025-08-16,Consumer,West
7131401,79641,846689,2025-05-11,2025-05-14,1,5363.01,10.0,4826.71,Standard,Wallet,Processing,,Small Business,South
7567797,50534,382353,2025-03-18,2025-03-23,1,1113.02,5.0,1057.37,Standard,Credit Card,Delivered,2025-03-26,Consumer,West
8467425,28129,488868,2025-03-22,2025-03-26,1,6269.52,5.0,5956.04,Standard,Net Banking,Delivered,2025-03-30,Consumer,Central
3011843,68899,122589,2026-06-30,2026-07-04,1,2456.67,0.0,2456.67,Express,Credit Card,Delivered,2026-07-07,Small Business,West
3381165,87260,549234,2025-09-01,2025-09-05,1,3209.12,10.0,2888.21,Standard,Debit Card,Delivered,2025-09-06,Consumer,West
7989716,79641,789525,2025-01-02,2025-01-04,2,5363.01,0.0,10726.02,Express,Wallet,Processing,,Consumer,East
3059917,21529,579772,2026-06-04,2026-06-09,1,919.39,5.0,873.42,Same Day,UPI,Processing,,Small Business,West
8191006,48964,969595,2025-01-15,2025-01-18,2,770.14,10.0,1386.25,Economy,Credit Card,Delivered,2025-01-23,Consumer,North
3292373,78497,843515,2025-09-04,2025-09-07,1,725.77,0.0,725.77,Economy,UPI,Delivered,2025-09-14,Consumer,West
2685638,97797,211372,2026-01-08,2026-01-10,1,1675.71,0.0,1675.71,Standard,Net Banking,Delivered,2026-01-14,Consumer,North
3976010,97797,671259,2026-05-13,2026-05-17,1,1675.71,10.0,1508.14,Standard,COD,Delivered,2026-05-22,Corporate,West
4674803,79641,108922,2026-01-05,2026-01-09,2,5363.01,5.0,10189.72,Standard,UPI,Delivered,2026-01-10,Corporate,South
8488642,85575,282435,2025-09-27,2025-09-30,4,3516.68,15.0,11956.71,Express,Credit Card,Delivered,2025-10-05,Consumer,South
8755678,18474,901608,2026-06-16,2026-06-22,1,1417.87,20.0,1134.3,Standard,UPI,Delivered,2026-06-28,Corporate,South
5147973,50534,477196,2025-01-28,2025-02-03,1,1113.02,25.0,834.76,Standard,Credit Card,Processing,,Small Business,West
2998788,79641,319445,2026-06-23,2026-06-25,1,5363.01,5.0,5094.86,Standard,Credit Card,Shipped,,Consumer,West
2442795,21529,806283,2026-04-05,2026-04-10,1,919.39,5.0,873.42,Standard,UPI,Shipped,,Consumer,North
4870717,74568,236367,2026-05-21,2026-05-24,3,1900.16,10.0,5130.43,Express,Net Banking,Delivered,2026-05-25,Small Business,West
9294831,48964,196949,2025-06-08,2025-06-22,1,770.14,10.0,693.13,Express,Credit Card,Cancelled,,Consumer,West
1457898,79641,263319,2025-04-05,2025-04-07,4,5363.01,10.0,19306.84,Express,Net Banking,Delivered,2025-04-09,Consumer,South
3475217,17733,557517,2025-12-15,2025-12-18,2,3137.12,5.0,5960.53,Economy,Net Banking,Delivered,2025-12-22,Consumer,South
1801309,56188,975770,2025-10-20,2025-10-23,1,3443.64,0.0,3443.64,Standard,Net Banking,Delivered,2025-10-27,Small Business,North
1382960,79641,934697,2025-10-23,2025-10-26,3,5363.01,0.0,16089.03,Standard,Debit Card,Cancelled,,Small Business,South
2604323,79641,952866,2026-05-19,2026-05-24,1,5363.01,0.0,5363.01,Standard,Debit Card,Delivered,2026-05-31,Consumer,East
2812109,56188,469154,2025-11-28,2025-12-02,2,3443.64,0.0,6887.28,Express,Credit Card,Processing,,Consumer,North
4238295,79641,539708,2025-07-09,2025-07-11,1,5363.01,20.0,4290.41,Express,Credit Card,Delivered,2025-07-17,Consumer,East
2627896,85575,119446,2025-08-26,2025-08-30,3,3516.68,0.0,10550.04,Standard,Debit Card,Shipped,,Small Business,North
5295013,17733,992112,2025-03-30,2025-04-06,1,3137.12,10.0,2823.41,Economy,Debit Card,Delivered,2025-04-08,Consumer,West
6640802,85575,319445,2025-05-04,2025-05-10,1,3516.68,20.0,2813.34,Standard,Credit Card,Cancelled,,Consumer,Central
5083841,28129,709849,2025-04-05,2025-04-09,3,6269.52,5.0,17868.13,Standard,Credit Card,Delivered,2025-04-12,Consumer,East
8305355,97797,218990,2026-03-13,2026-03-16,1,1675.71,10.0,1508.14,Express,COD,Delivered,2026-03-20,Consumer,South
3454987,79641,385379,2025-12-31,2026-01-02,1,5363.01,10.0,4826.71,Economy,Net Banking,Shipped,,Small Business,West
4501347,50534,370842,2025-10-26,2025-11-02,2,1113.02,5.0,2114.74,Express,Debit Card,Delivered,2025-11-08,Consumer,West
3009481,28129,846689,2025-08-12,2025-08-17,1,6269.52,10.0,5642.57,Economy,COD,Delivered,2025-08-21,Small Business,North
9912211,74568,209641,2025-12-17,2025-12-21,3,1900.16,15.0,4845.41,Standard,Credit Card,Shipped,,Consumer,South
2759313,74568,799603,2026-03-15,2026-03-22,2,1900.16,15.0,3230.27,Express,Debit Card,Delivered,2026-03-24,Consumer,North
1108465,50534,901608,2026-04-24,2026-04-26,2,1113.02,15.0,1892.13,Economy,Wallet,Shipped,,Corporate,South
1881168,79641,940868,2025-11-02,2025-11-07,1,5363.01,25.0,4022.26,Express,UPI,Delivered,2025-11-10,Consumer,South
6283403,56188,993014,2026-03-19,2026-03-21,1,3443.64,5.0,3271.46,Standard,Credit Card,Processing,,Small Business,West
7363068,21529,992112,2025-10-18,2025-10-20,4,919.39,15.0,3125.93,Economy,Debit Card,Delivered,2025-10-25,Consumer,West
9992163,56188,539708,2025-10-02,2025-10-06,1,3443.64,10.0,3099.28,Standard,UPI,Delivered,2025-10-13,Consumer,West
5294384,87260,319445,2026-04-15,2026-04-18,1,3209.12,10.0,2888.21,Standard,UPI,Cancelled,,Consumer,East
1897555,56188,316850,2025-08-19,2025-08-27,1,3443.64,15.0,2927.09,Economy,Debit Card,Delivered,2025-09-01,Consumer,South
6448543,17733,104775,2025-08-24,2025-08-27,1,3137.12,15.0,2666.55,Economy,UPI,Delivered,2025-09-01,Consumer,Central
9724875,79641,992112,2025-07-06,2025-07-12,2,5363.01,20.0,8580.82,Economy,Debit Card,Delivered,2025-07-13,Consumer,North
7437152,68899,704903,2025-10-21,2025-10-26,2,2456.67,5.0,4667.67,Economy,UPI,Delivered,2025-10-27,Consumer,North
7934241,85575,671259,2025-11-01,2025-11-06,2,3516.68,10.0,6330.02,Standard,Credit Card,Delivered,2025-11-10,Corporate,South
8785414,85575,847924,2025-12-14,2025-12-22,3,3516.68,5.0,10022.54,Economy,Wallet,Delivered,2025-12-27,Consumer,East
4146736,48964,653082,2025-09-10,2025-09-13,1,770.14,10.0,693.13,Standard,Net Banking,Cancelled,,Consumer,Central
4625551,87260,237942,2025-05-19,2025-05-22,1,3209.12,15.0,2727.75,Express,UPI,Delivered,2025-05-24,Consumer,North
4063364,21529,475309,2026-04-16,2026-04-18,1,919.39,15.0,781.48,Standard,Net Banking,Delivered,2026-04-22,Consumer,West
9784595,97797,906386,2025-07-28,2025-07-31,2,1675.71,5.0,3183.85,Economy,Credit Card,Delivered,2025-08-07,Consumer,North
9369187,97797,385379,2026-05-18,2026-05-25,1,1675.71,10.0,1508.14,Express,Debit Card,Delivered,2026-05-26,Small Business,West
4031511,28129,914856,2025-05-13,2025-05-17,1,6269.52,5.0,5956.04,Economy,UPI,Delivered,2025-05-20,Consumer,West
4089882,28129,488868,2025-11-06,2025-11-09,1,6269.52,0.0,6269.52,Standard,UPI,Returned,2025-11-16,Consumer,North
6068494,28129,211372,2025-10-28,2025-10-30,2,6269.52,5.0,11912.09,Standard,Net Banking,Delivered,2025-11-01,Consumer,East
2727131,79641,846689,2026-03-24,2026-03-28,2,5363.01,20.0,8580.82,Standard,COD,Delivered,2026-03-31,Small Business,West
5515856,79641,140413,2025-04-03,2025-04-08,3,5363.01,5.0,15284.58,Standard,Debit Card,Shipped,,Consumer,West
4948993,68899,579772,2026-05-11,2026-05-14,1,2456.67,25.0,1842.5,Express,Debit Card,Delivered,2026-05-19,Small Business,East
4534292,97797,843319,2025-10-26,2025-10-31,5,1675.71,0.0,8378.55,Standard,UPI,Delivered,2025-11-02,Consumer,West
6236390,17733,974569,2025-11-16,2025-11-20,1,3137.12,15.0,2666.55,Express,Debit Card,Delivered,2025-11-26,Consumer,West
1618161,78497,119446,2025-10-17,2025-10-23,1,725.77,10.0,653.19,Standard,Credit Card,Delivered,2025-10-25,Small Business,North
3367871,79641,218990,2025-01-26,2025-01-29,1,5363.01,10.0,4826.71,Standard,COD,Delivered,2025-02-01,Consumer,East
3618579,79641,226199,2025-10-12,2025-10-16,1,5363.01,10.0,4826.71,Express,Wallet,Processing,,Corporate,South
9731705,74568,974569,2025-06-13,2025-06-15,1,1900.16,15.0,1615.14,Standard,COD,Delivered,2025-06-16,Consumer,South
7931285,87260,549234,2025-07-26,2025-07-29,1,3209.12,20.0,2567.3,Standard,Credit Card,Delivered,2025-08-04,Consumer,South
5746770,74568,764486,2025-12-09,2025-12-14,1,1900.16,10.0,1710.14,Standard,Credit Card,Delivered,2025-12-19,Corporate,West
2326691,85575,557517,2025-10-12,2025-10-16,2,3516.68,0.0,7033.36,Standard,UPI,Shipped,,Consumer,North
9499989,17733,233384,2025-03-07,2025-03-09,3,3137.12,5.0,8940.79,Express,COD,Shipped,,Consumer,East
7325873,87260,430456,2025-02-21,2025-02-27,2,3209.12,15.0,5455.5,Standard,Credit Card,Cancelled,,Consumer,South
8640734,74568,248125,2025-05-01,2025-05-02,2,1900.16,10.0,3420.29,Standard,Credit Card,Delivered,2025-05-09,Small Business,West
4725317,79641,112541,2025-05-03,2025-05-07,1,5363.01,10.0,4826.71,Express,Credit Card,Shipped,,Consumer,West
2483173,79641,261325,2025-11-24,2025-12-04,2,5363.01,10.0,9653.42,Express,Net Banking,Delivered,2025-12-08,Consumer,West
6035852,79641,226199,2025-04-26,2025-04-30,1,5363.01,5.0,5094.86,Express,Net Banking,Delivered,2025-05-04,Corporate,West
4982826,74568,993014,2026-04-24,2026-04-30,1,1900.16,15.0,1615.14,Standard,UPI,Delivered,2026-05-04,Small Business,West
6731918,85575,388560,2025-05-14,2025-05-18,1,3516.68,15.0,2989.18,Economy,Credit Card,Shipped,,Corporate,East
3023651,17733,588449,2025-03-06,2025-03-12,2,3137.12,15.0,5333.1,Standard,Net Banking,Delivered,2025-03-18,Consumer,West
2179017,85575,762879,2026-04-21,2026-04-26,1,3516.68,15.0,2989.18,Standard,UPI,Delivered,2026-04-28,Consumer,North
2994400,78497,823918,2025-07-01,2025-07-06,2,725.77,20.0,1161.23,Economy,Credit Card,Delivered,2025-07-13,Consumer,South
5756726,74568,263319,2025-09-08,2025-09-10,1,1900.16,10.0,1710.14,Express,Debit Card,Delivered,2025-09-17,Consumer,East
7723108,68899,433775,2026-06-07,2026-06-12,1,2456.67,25.0,1842.5,Express,UPI,Returned,2026-06-14,Corporate,Central
5071538,78497,823918,2026-05-30,2026-06-01,1,725.77,0.0,725.77,Economy,Debit Card,Shipped,,Consumer,South
2173871,56188,513963,2026-01-07,2026-01-17,1,3443.64,10.0,3099.28,Standard,COD,Delivered,2026-01-19,Consumer,West
2778809,50534,934767,2025-02-19,2025-02-21,1,1113.02,15.0,946.07,Economy,UPI,Delivered,2025-02-22,Small Business,North
2446919,28129,671259,2025-11-18,2025-11-20,2,6269.52,10.0,11285.14,Express,Debit Card,Delivered,2025-11-23,Corporate,West
9736286,79641,823670,2026-06-24,2026-06-30,1,5363.01,5.0,5094.86,Standard,UPI,Shipped,,Corporate,West
6458969,74568,939711,2026-05-31,2026-06-03,1,1900.16,10.0,1710.14,Standard,UPI,Delivered,2026-06-09,Small Business,West
5549394,97797,436252,2025-03-14,2025-03-17,2,1675.71,5.0,3183.85,Standard,Credit Card,Delivered,2025-03-22,Small Business,East
7867706,50534,261325,2025-08-24,2025-08-29,1,1113.02,20.0,890.42,Economy,UPI,Delivered,2025-09-04,Consumer,West
4284300,28129,217945,2025-07-12,2025-07-14,1,6269.52,5.0,5956.04,Standard,Debit Card,Delivered,2025-07-16,Consumer,South
6241829,18030,659588,2025-03-28,2025-03-30,1,2921.51,0.0,2921.51,Standard,Debit Card,Delivered,2025-04-06,Consumer,South
5648834,85575,276775,2025-12-27,2025-12-31,1,3516.68,10.0,3165.01,Express,Net Banking,Delivered,2026-01-05,Consumer,North
6939753,74568,116053,2025-06-19,2025-06-22,1,1900.16,5.0,1805.15,Express,UPI,Returned,2025-06-23,Consumer,West
2095801,28129,227114,2025-07-27,2025-07-29,2,6269.52,0.0,12539.04,Standard,Debit Card,Delivered,2025-07-30,Corporate,East
9447853,21529,957476,2025-03-05,2025-03-06,1,919.39,10.0,827.45,Economy,Credit Card,Delivered,2025-03-08,Corporate,North
6207189,21529,368880,2025-10-12,2025-10-15,2,919.39,10.0,1654.9,Express,UPI,Delivered,2025-10-16,Small Business,South
8492226,97797,557517,2025-04-14,2025-04-17,1,1675.71,0.0,1675.71,Economy,Debit Card,Delivered,2025-04-19,Consumer,South
3543926,74568,846689,2025-09-11,2025-09-12,2,1900.16,10.0,3420.29,Standard,COD,Delivered,2025-09-19,Small Business,East
3545364,18030,175945,2025-04-05,2025-04-09,2,2921.51,10.0,5258.72,Standard,UPI,Delivered,2025-04-11,Small Business,North
9187778,79641,436252,2026-06-04,2026-06-08,1,5363.01,15.0,4558.56,Express,Wallet,Shipped,,Small Business,South
1048105,17733,160872,2025-04-06,2025-04-07,1,3137.12,5.0,2980.26,Standard,Debit Card,Delivered,2025-04-14,Consumer,South
2080936,74568,279787,2025-10-22,2025-10-25,1,1900.16,0.0,1900.16,Express,Wallet,Returned,2025-10-27,Consumer,West
7523218,79641,557517,2025-05-07,2025-05-14,5,5363.01,25.0,20111.29,Standard,Credit Card,Delivered,2025-05-19,Consumer,West
9217802,85575,112541,2025-02-24,2025-02-28,4,3516.68,10.0,12660.05,Same Day,Debit Card,Delivered,2025-03-04,Consumer,West
2787055,85575,312773,2025-05-10,2025-05-13,1,3516.68,0.0,3516.68,Economy,Credit Card,Delivered,2025-05-15,Consumer,West
8246353,85575,401988,2025-02-08,2025-02-12,2,3516.68,15.0,5978.36,Economy,Credit Card,Shipped,,Consumer,West
6046850,97797,992112,2025-04-03,2025-04-05,1,1675.71,0.0,1675.71,Economy,COD,Processing,,Consumer,East
8327280,18474,368880,2025-10-10,2025-10-16,1,1417.87,15.0,1205.19,Economy,Net Banking,Delivered,2025-10-20,Small Business,East
8634844,85575,964228,2025-12-10,2025-12-17,2,3516.68,15.0,5978.36,Standard,UPI,Delivered,2025-12-23,Consumer,East
8805177,97797,902639,2025-03-03,2025-03-10,1,1675.71,25.0,1256.78,Standard,UPI,Delivered,2025-03-17,Corporate,North
7839189,97797,206966,2025-09-16,2025-09-18,1,1675.71,25.0,1256.78,Economy,UPI,Delivered,2025-09-24,Small Business,North
4917263,79641,140302,2025-11-14,2025-11-17,3,5363.01,5.0,15284.58,Economy,UPI,Returned,2025-11-24,Consumer,West
4567704,78497,960030,2025-05-27,2025-05-29,1,725.77,15.0,616.9,Economy,Wallet,Delivered,2025-06-01,Consumer,North
3453009,74568,226199,2025-08-11,2025-08-14,2,1900.16,5.0,3610.3,Same Day,UPI,Delivered,2025-08-17,Corporate,West
6405428,78497,549234,2025-02-21,2025-02-24,1,725.77,10.0,653.19,Standard,Net Banking,Returned,2025-02-26,Consumer,South
9007219,79641,175945,2025-05-20,2025-05-24,1,5363.01,10.0,4826.71,Economy,Debit Card,Processing,,Small Business,Central
6181156,87260,119900,2025-09-29,2025-10-01,1,3209.12,0.0,3209.12,Economy,COD,Shipped,,Consumer,East
5631580,97797,563481,2026-06-25,2026-07-02,4,1675.71,0.0,6702.84,Express,Credit Card,Delivered,2026-07-07,Small Business,West
3751994,48964,306674,2026-06-28,2026-06-30,1,770.14,0.0,770.14,Economy,Debit Card,Delivered,2026-07-05,Consumer,North
3220369,97797,823670,2026-06-19,2026-06-20,1,1675.71,0.0,1675.71,Express,COD,Delivered,2026-06-26,Corporate,West
1316026,79641,566913,2025-09-07,2025-09-13,2,5363.01,0.0,10726.02,Economy,Credit Card,Delivered,2025-09-15,Small Business,West
3975789,68899,513963,2025-02-27,2025-03-04,4,2456.67,20.0,7861.34,Standard,Credit Card,Delivered,2025-03-07,Consumer,West
3936038,78497,610529,2025-07-16,2025-07-19,3,725.77,10.0,1959.58,Economy,Debit Card,Delivered,2025-07-24,Consumer,West
7372731,68899,847924,2025-05-29,2025-06-02,2,2456.67,15.0,4176.34,Standard,UPI,Delivered,2025-06-03,Consumer,North
9413054,97797,119446,2025-01-10,2025-01-12,1,1675.71,15.0,1424.35,Standard,COD,Delivered,2025-01-19,Small Business,South
8163967,78497,940868,2025-03-08,2025-03-10,2,725.77,15.0,1233.81,Standard,Wallet,Delivered,2025-03-12,Consumer,West
4726163,56188,934767,2025-09-22,2025-09-26,2,3443.64,5.0,6542.92,Standard,UPI,Delivered,2025-10-02,Small Business,Central
1666483,78497,659588,2025-07-24,2025-07-27,3,725.77,20.0,1741.85,Standard,COD,Delivered,2025-08-01,Consumer,South
5026327,28129,887032,2025-04-27,2025-05-01,2,6269.52,15.0,10658.18,Economy,UPI,Delivered,2025-05-07,Corporate,South
3711705,21529,549338,2026-01-07,2026-01-09,1,919.39,15.0,781.48,Express,Wallet,Shipped,,Small Business,South
9151840,21529,772034,2025-08-03,2025-08-08,1,919.39,20.0,735.51,Economy,Debit Card,Shipped,,Consumer,South
7753320,50534,952866,2026-04-07,2026-04-12,1,1113.02,10.0,1001.72,Standard,UPI,Delivered,2026-04-18,Consumer,South
4404562,28129,316850,2025-05-31,2025-06-02,1,6269.52,10.0,5642.57,Standard,Credit Card,Delivered,2025-06-05,Consumer,North
7010911,97797,847924,2025-10-29,2025-10-30,1,1675.71,20.0,1340.57,Same Day,Credit Card,Delivered,2025-11-04,Consumer,East
7714202,68899,477196,2025-04-30,2025-05-03,1,2456.67,5.0,2333.84,Express,Net Banking,Delivered,2025-05-10,Small Business,West
2066959,85575,599664,2025-10-11,2025-10-17,2,3516.68,15.0,5978.36,Express,Credit Card,Delivered,2025-10-18,Consumer,South
1613994,18030,750976,2025-04-11,2025-04-16,3,2921.51,0.0,8764.53,Economy,UPI,Returned,2025-04-19,Consumer,West
5951632,97797,301050,2025-04-16,2025-04-21,2,1675.71,0.0,3351.42,Economy,UPI,Delivered,2025-04-22,Consumer,East
3026403,74568,307157,2025-11-25,2025-11-28,3,1900.16,10.0,5130.43,Express,Credit Card,Delivered,2025-12-02,Consumer,West
